time,open,high,low,close
1382474700,189.7,189.99,189.65,189.65
1382474760,189.6,189.6,189.6,189.6
1382474820,189.65,189.65,189.38,189.38
1382474880,189.38,189.38,189.38,189.38
1382474940,189.65,189.65,189.13,189.13
1382475000,189.12,189.12,189.1,189.1
1382475060,189.06,189.06,188.98,188.98
1382475120,189,189,188.5,188.5
1382475180,188.5,188.5,188,188
1382475240,188,188,185.02,186
1382475300,186,186.39,186,186.39
1382475360,186.85,187.14,186.85,187.14
1382475420,187.14,188.02,187,187
1382475480,187.14,187.14,187.14,187.14
1382475540,188,188,188,188
1382475600,187.99,188.39,187.99,188.39
1382475660,NaN,NaN,NaN,NaN
1382475720,188,188.41,188,188.41
1382475780,NaN,NaN,NaN,NaN
1382475840,188.51,188.51,188.5,188.5
1382475900,188.51,188.51,188.51,188.51
1382475960,188.52,188.52,188.52,188.52
1382476020,188.52,188.52,188.51,188.51
1382476080,188.52,188.7,187.2,188.7
1382476140,188.69,188.69,188.69,188.69
1382476200,187.21,187.21,187.2,187.21
1382476260,187.2,187.99,187.2,187.99
1382476320,187.21,187.99,187.2,187.52
1382476380,187.52,187.52,187.26,187.26
1382476440,187.56,187.99,187.56,187.99
1382476500,NaN,NaN,NaN,NaN
1382476560,187.98,187.99,187.2,187.2
1382476620,187.99,187.99,187.99,187.99
1382476680,187.2,188,187.2,188
1382476740,187.23,187.23,187.23,187.23
1382476800,NaN,NaN,NaN,NaN
1382476860,188,188,188,188
1382476920,NaN,NaN,NaN,NaN
1382476980,188,188,188,188
1382477040,188.3,188.6,188.3,188.6
1382477100,188.6,188.6,188.48,188.48
1382477160,NaN,NaN,NaN,NaN
1382477220,187.76,187.76,187.76,187.76
1382477280,188.6,188.6,188.6,188.6
1382477340,187.81,187.81,187.81,187.81
1382477400,187.81,187.81,187.81,187.81
1382477460,187.81,187.81,187.81,187.81
1382477520,187.81,187.81,187.81,187.81
1382477580,187.61,187.95,187.61,187.95
1382477640,187.61,189.05,187.61,189.05
1382477700,189.03,189.03,189,189.01
1382477760,189.01,189.01,189,189
1382477820,189.02,189.02,189.02,189.02
1382477880,189,189,188.97,188.97
1382477940,188.08,188.08,188.08,188.08
1382478000,188.08,189.01,188.08,189.01
1382478060,188.49,188.5,188.49,188.5
1382478120,188.99,188.99,188.99,188.99
1382478180,188.99,188.99,188.5,188.5
1382478240,188.94,188.94,188.94,188.94
1382478300,NaN,NaN,NaN,NaN
1382478360,NaN,NaN,NaN,NaN
1382478420,188.98,189.15,188.98,189.15
1382478480,189.16,189.2,189.16,189.2
1382478540,189.26,189.3,189.26,189.3
1382478600,189.36,189.36,189.36,189.36
1382478660,189.44,189.45,189.44,189.45
1382478720,189.45,189.45,189.45,189.45
1382478780,189.45,189.46,189.45,189.46
1382478840,189.46,189.75,189.46,189.75
1382478900,189.74,189.74,189.74,189.74
1382478960,189.12,189.74,189.12,189.74
1382479020,NaN,NaN,NaN,NaN
1382479080,189.74,189.74,189.12,189.12
1382479140,189.2,189.2,189.2,189.2
1382479200,189.2,189.2,189.2,189.2
1382479260,189.13,189.2,189.13,189.2
1382479320,189.2,189.2,189.2,189.2
1382479380,189.2,189.59,189.13,189.59
1382479440,189.58,189.58,189.58,189.58
1382479500,NaN,NaN,NaN,NaN
1382479560,189.74,189.75,189.74,189.75
1382479620,189.74,189.74,189.58,189.58
1382479680,189.58,189.58,189.58,189.58
1382479740,189.21,189.21,189.12,189.12
1382479800,188.79,188.79,188.79,188.79
1382479860,188.79,188.79,188.79,188.79
1382479920,NaN,NaN,NaN,NaN
1382479980,189.58,189.58,189.58,189.58
1382480040,189.58,189.58,189.58,189.58
1382480100,189.58,189.58,189.58,189.58
1382480160,188.8,188.8,188.48,188.48
1382480220,189.56,189.57,189.56,189.57
1382480280,189.57,189.58,189.57,189.58
1382480340,189.58,189.58,189.58,189.58
1382480400,189.55,189.55,189.55,189.55
1382480460,189.5,189.58,189.5,189.58
1382480520,189.57,189.58,189,189
1382480580,189.57,189.58,189.57,189.58
1382480640,189.58,189.58,189.58,189.58
1382480700,189.58,189.58,189.58,189.58
1382480760,189.58,189.58,189.58,189.58
1382480820,189.57,189.58,189.57,189.58
1382480880,189.5,189.5,189,189
1382480940,189,189.58,189,189.58
1382481000,189.7,189.75,189.7,189.74
1382481060,189.7,189.7,188.82,188.82
1382481120,188.82,188.82,188.82,188.82
1382481180,188.82,188.82,188.8,188.8
1382481240,188.8,188.8,188.8,188.8
1382481300,188.8,188.82,188.8,188.82
1382481360,188.82,188.82,188.82,188.82
1382481420,188.82,188.82,188.82,188.82
1382481480,188.82,188.82,188.73,188.73
1382481540,NaN,NaN,NaN,NaN
1382481600,188.73,188.73,188,188
1382481660,188,188,188,188
1382481720,188,188,187.2,187.2
1382481780,NaN,NaN,NaN,NaN
1382481840,188,188,187.3,187.34
1382481900,187.97,188,187.97,188
1382481960,NaN,NaN,NaN,NaN
1382482020,187.5,187.99,187.5,187.99
1382482080,NaN,NaN,NaN,NaN
1382482140,NaN,NaN,NaN,NaN
1382482200,188,188,188,188
1382482260,188,188,187.98,188
1382482320,187.51,187.99,187.21,187.99
1382482380,NaN,NaN,NaN,NaN
1382482440,NaN,NaN,NaN,NaN
1382482500,188,188,188,188
1382482560,NaN,NaN,NaN,NaN
1382482620,187.5,187.5,187.5,187.5
1382482680,188,188,188,188
1382482740,187.5,188,187.5,188
1382482800,188,188,188,188
1382482860,188,188,188,188
1382482920,NaN,NaN,NaN,NaN
1382482980,NaN,NaN,NaN,NaN
1382483040,188,188,188,188
1382483100,188,188.4,188,188.4
1382483160,188.4,188.49,188.4,188.49
1382483220,188.49,188.49,188.49,188.49
1382483280,188.5,188.5,188.5,188.5
1382483340,188.5,188.69,188.5,188.69
1382483400,188.68,188.69,188.68,188.69
1382483460,188.68,188.68,188.68,188.68
1382483520,188.68,188.68,188.68,188.68
1382483580,188.68,188.69,188.68,188.69
1382483640,NaN,NaN,NaN,NaN
1382483700,188.69,188.69,188.69,188.69
1382483760,188.69,188.69,188.69,188.69
1382483820,NaN,NaN,NaN,NaN
1382483880,188.69,188.69,188.69,188.69
1382483940,188.21,188.71,188.19,188.19
1382484000,188.71,188.71,188.71,188.71
1382484060,188.71,188.71,188.71,188.71
1382484120,188.71,188.71,188.71,188.71
1382484180,188.71,188.71,188.71,188.71
1382484240,NaN,NaN,NaN,NaN
1382484300,188.71,188.71,188.71,188.71
1382484360,188.71,188.71,188.71,188.71
1382484420,NaN,NaN,NaN,NaN
1382484480,NaN,NaN,NaN,NaN
1382484540,188.71,188.92,188.71,188.92
1382484600,NaN,NaN,NaN,NaN
1382484660,189.04,189.04,189.04,189.04
1382484720,189.04,189.04,189,189.01
1382484780,189,189,189,189
1382484840,189.01,189.01,189.01,189.01
1382484900,NaN,NaN,NaN,NaN
1382484960,189.01,189.01,189.01,189.01
1382485020,NaN,NaN,NaN,NaN
1382485080,189.01,189.01,189.01,189.01
1382485140,189.01,189.01,189.01,189.01
1382485200,189.01,189.01,189.01,189.01
1382485260,189.01,189.2,189.01,189.2
1382485320,189.31,189.34,189.31,189.34
1382485380,NaN,NaN,NaN,NaN
1382485440,189.34,189.34,189.34,189.34
1382485500,189.31,189.31,189.31,189.31
1382485560,189.34,189.35,189.34,189.35
1382485620,189.35,189.35,189.35,189.35
1382485680,189.35,189.5,189.35,189.5
1382485740,NaN,NaN,NaN,NaN
1382485800,189.5,189.5,189.5,189.5
1382485860,189.5,189.5,189.5,189.5
1382485920,189.5,189.72,189.5,189.72
1382485980,189.72,189.75,189.4,189.75
1382486040,189.36,189.36,189.35,189.35
1382486100,NaN,NaN,NaN,NaN
1382486160,189.75,189.75,189.75,189.75
1382486220,189.75,189.75,189.75,189.75
1382486280,NaN,NaN,NaN,NaN
1382486340,NaN,NaN,NaN,NaN
1382486400,NaN,NaN,NaN,NaN
1382486460,NaN,NaN,NaN,NaN
1382486520,NaN,NaN,NaN,NaN
1382486580,NaN,NaN,NaN,NaN
1382486640,NaN,NaN,NaN,NaN
1382486700,NaN,NaN,NaN,NaN
1382486760,189.74,189.75,189.74,189.75
1382486820,189.75,189.75,189.75,189.75
1382486880,189.75,189.75,189.75,189.75
1382486940,189.75,189.75,189.75,189.75
1382487000,189.75,189.75,189.41,189.41
1382487060,189.75,189.75,189.74,189.74
1382487120,189.74,189.74,189.74,189.74
1382487180,189.74,189.75,189.41,189.75
1382487240,189.75,189.75,189.75,189.75
1382487300,189.75,189.75,189.75,189.75
1382487360,189.75,189.99,189.75,189.99
1382487420,189.98,189.99,189.97,189.99
1382487480,189.99,190,189.99,190
1382487540,189.99,189.99,189.99,189.99
1382487600,189.98,189.98,189.98,189.98
1382487660,189.98,190,189.98,190
1382487720,190,190,190,190
1382487780,190,190,190,190
1382487840,190,190,190,190
1382487900,189.53,189.53,189.53,189.53
1382487960,190,190,190,190
1382488020,190,190,190,190
1382488080,190,190,190,190
1382488140,190.03,190.37,190.03,190.37
1382488200,190.37,190.51,190.37,190.51
1382488260,190.51,190.52,190.51,190.52
1382488320,190.52,190.52,190.52,190.52
1382488380,190.52,190.53,190.52,190.53
1382488440,190.53,190.66,190.53,190.66
1382488500,190.66,190.97,190.66,190.97
1382488560,191.03,191.4,191.03,191.4
1382488620,191.4,191.4,191.4,191.4
1382488680,NaN,NaN,NaN,NaN
1382488740,191.4,191.4,191.4,191.4
1382488800,NaN,NaN,NaN,NaN
1382488860,191.45,191.45,191.45,191.45
1382488920,191.45,191.45,191.45,191.45
1382488980,NaN,NaN,NaN,NaN
1382489040,NaN,NaN,NaN,NaN
1382489100,191.4,191.4,191.4,191.4
1382489160,191.46,191.5,191.46,191.5
1382489220,191.5,191.5,191.1,191.1
1382489280,191,191,191,191
1382489340,191,191,191,191
1382489400,191,191,191,191
1382489460,191,191,191,191
1382489520,191,191,190.69,190.69
1382489580,190.69,190.69,190.69,190.69
1382489640,190.69,190.69,190.69,190.69
1382489700,191,191,191,191
1382489760,191,191,191,191
1382489820,191,191,191,191
1382489880,191,191,191,191
1382489940,191,191,191,191
1382490000,191,191,191,191
1382490060,191,191,191,191
1382490120,191,191,191,191
1382490180,191,191,191,191
1382490240,NaN,NaN,NaN,NaN
1382490300,NaN,NaN,NaN,NaN
1382490360,NaN,NaN,NaN,NaN
1382490420,NaN,NaN,NaN,NaN
1382490480,NaN,NaN,NaN,NaN
1382490540,NaN,NaN,NaN,NaN
1382490600,190.64,190.64,190.59,190.59
1382490660,NaN,NaN,NaN,NaN
1382490720,190.99,191,190.99,191
1382490780,NaN,NaN,NaN,NaN
1382490840,NaN,NaN,NaN,NaN
1382490900,NaN,NaN,NaN,NaN
1382490960,NaN,NaN,NaN,NaN
1382491020,NaN,NaN,NaN,NaN
1382491080,NaN,NaN,NaN,NaN
1382491140,190.6,190.6,190.6,190.6
1382491200,191,191,191,191
1382491260,190.8,191,190.5,190.5
1382491320,NaN,NaN,NaN,NaN
1382491380,190.8,190.8,190.8,190.8
1382491440,190.51,190.51,190.51,190.51
1382491500,190.51,190.51,190.51,190.51
1382491560,190.51,190.51,190.51,190.51
1382491620,190.51,190.51,190.51,190.51
1382491680,NaN,NaN,NaN,NaN
1382491740,190.51,190.51,190.51,190.51
1382491800,190.51,190.51,190.51,190.51
1382491860,190.51,190.91,190.51,190.91
1382491920,190.95,190.95,190.95,190.95
1382491980,NaN,NaN,NaN,NaN
1382492040,NaN,NaN,NaN,NaN
1382492100,NaN,NaN,NaN,NaN
1382492160,190.98,190.98,190.98,190.98
1382492220,190.98,190.98,190.98,190.98
1382492280,190.98,190.98,190.98,190.98
1382492340,190.99,190.99,190.98,190.99
1382492400,190.99,190.99,190.99,190.99
1382492460,NaN,NaN,NaN,NaN
1382492520,NaN,NaN,NaN,NaN
1382492580,NaN,NaN,NaN,NaN
1382492640,NaN,NaN,NaN,NaN
1382492700,NaN,NaN,NaN,NaN
1382492760,NaN,NaN,NaN,NaN
1382492820,NaN,NaN,NaN,NaN
1382492880,NaN,NaN,NaN,NaN
1382492940,190.99,190.99,190.99,190.99
1382493000,190.95,190.95,190.95,190.95
1382493060,190.95,190.95,190.95,190.95
1382493120,NaN,NaN,NaN,NaN
1382493180,190.95,190.95,190.95,190.95
1382493240,NaN,NaN,NaN,NaN
1382493300,NaN,NaN,NaN,NaN
1382493360,NaN,NaN,NaN,NaN
1382493420,190.95,191,190.95,191
1382493480,191,191,191,191
1382493540,191,191.4,190.64,191.4
1382493600,NaN,NaN,NaN,NaN
1382493660,191.08,191.08,191.08,191.08
1382493720,190.72,190.72,190.72,190.72
1382493780,NaN,NaN,NaN,NaN
1382493840,NaN,NaN,NaN,NaN
1382493900,NaN,NaN,NaN,NaN
1382493960,191.08,191.4,191.08,191.4
1382494020,191.4,191.4,191.4,191.4
1382494080,NaN,NaN,NaN,NaN
1382494140,190.83,190.83,190.83,190.83
1382494200,NaN,NaN,NaN,NaN
1382494260,NaN,NaN,NaN,NaN
1382494320,NaN,NaN,NaN,NaN
1382494380,190.81,190.81,190.01,190.01
1382494440,190.01,190.01,189.82,189.82
1382494500,189.81,189.82,189.81,189.82
1382494560,189.82,189.82,189.82,189.82
1382494620,NaN,NaN,NaN,NaN
1382494680,NaN,NaN,NaN,NaN
1382494740,189.8,189.8,189.7,189.7
1382494800,189.69,189.69,189.69,189.69
1382494860,189.66,189.66,189.66,189.66
1382494920,189.66,189.7,189.66,189.7
1382494980,NaN,NaN,NaN,NaN
1382495040,189.66,189.7,189.57,189.7
1382495100,189.7,189.7,189.7,189.7
1382495160,NaN,NaN,NaN,NaN
1382495220,190.17,190.5,189.71,189.71
1382495280,NaN,NaN,NaN,NaN
1382495340,189.71,189.71,189.71,189.71
1382495400,NaN,NaN,NaN,NaN
1382495460,190.12,190.12,190.12,190.12
1382495520,NaN,NaN,NaN,NaN
1382495580,190.14,190.49,190.14,190.49
1382495640,NaN,NaN,NaN,NaN
1382495700,190.49,190.5,190.49,190.5
1382495760,190.5,190.5,190.5,190.5
1382495820,NaN,NaN,NaN,NaN
1382495880,NaN,NaN,NaN,NaN
1382495940,NaN,NaN,NaN,NaN
1382496000,190.6,190.63,190.6,190.63
1382496060,NaN,NaN,NaN,NaN
1382496120,NaN,NaN,NaN,NaN
1382496180,190.63,190.86,190.63,190.86
1382496240,190.86,190.86,190.86,190.86
1382496300,NaN,NaN,NaN,NaN
1382496360,NaN,NaN,NaN,NaN
1382496420,190.87,190.88,190.87,190.88
1382496480,190.88,190.9,190.88,190.9
1382496540,190.9,191.84,190.9,191.84
1382496600,191.83,191.83,191.83,191.83
1382496660,NaN,NaN,NaN,NaN
1382496720,190.58,191.8,190.58,191.53
1382496780,191.79,191.79,191.79,191.79
1382496840,NaN,NaN,NaN,NaN
1382496900,NaN,NaN,NaN,NaN
1382496960,NaN,NaN,NaN,NaN
1382497020,191.8,191.8,191.8,191.8
1382497080,NaN,NaN,NaN,NaN
1382497140,NaN,NaN,NaN,NaN
1382497200,191.54,191.54,191.54,191.54
1382497260,NaN,NaN,NaN,NaN
1382497320,191.5,191.59,191.5,191.59
1382497380,191.58,191.79,191.58,191.79
1382497440,NaN,NaN,NaN,NaN
1382497500,NaN,NaN,NaN,NaN
1382497560,NaN,NaN,NaN,NaN
1382497620,NaN,NaN,NaN,NaN
1382497680,NaN,NaN,NaN,NaN
1382497740,NaN,NaN,NaN,NaN
1382497800,NaN,NaN,NaN,NaN
1382497860,NaN,NaN,NaN,NaN
1382497920,NaN,NaN,NaN,NaN
1382497980,NaN,NaN,NaN,NaN
1382498040,191.51,191.53,191.5,191.5
1382498100,NaN,NaN,NaN,NaN
1382498160,191.78,191.79,191.14,191.14
1382498220,NaN,NaN,NaN,NaN
1382498280,NaN,NaN,NaN,NaN
1382498340,NaN,NaN,NaN,NaN
1382498400,NaN,NaN,NaN,NaN
1382498460,191.59,191.59,191.59,191.59
1382498520,191.59,191.59,190.8,190.8
1382498580,NaN,NaN,NaN,NaN
1382498640,191.21,191.21,190.81,190.81
1382498700,190.81,190.81,190.81,190.81
1382498760,NaN,NaN,NaN,NaN
1382498820,NaN,NaN,NaN,NaN
1382498880,NaN,NaN,NaN,NaN
1382498940,NaN,NaN,NaN,NaN
1382499000,191,191,191,191
1382499060,NaN,NaN,NaN,NaN
1382499120,191.15,191.15,191.15,191.15
1382499180,191.15,191.21,191.15,191.21
1382499240,NaN,NaN,NaN,NaN
1382499300,191.04,191.25,191.04,191.25
1382499360,NaN,NaN,NaN,NaN
1382499420,191.25,191.25,191.25,191.25
1382499480,191.24,191.25,191.24,191.25
1382499540,191.25,191.25,191.25,191.25
1382499600,NaN,NaN,NaN,NaN
1382499660,NaN,NaN,NaN,NaN
1382499720,NaN,NaN,NaN,NaN
1382499780,NaN,NaN,NaN,NaN
1382499840,NaN,NaN,NaN,NaN
1382499900,191.71,191.71,191.71,191.71
1382499960,191.75,191.78,191.75,191.78
1382500020,NaN,NaN,NaN,NaN
1382500080,191.78,191.97,191.55,191.97
1382500140,191.93,191.93,191.92,191.92
1382500200,191.97,192,191.97,192
1382500260,192.04,192.29,192.04,192.29
1382500320,192.28,192.28,192.28,192.28
1382500380,192.28,193,192.28,193
1382500440,NaN,NaN,NaN,NaN
1382500500,193.12,193.12,193.12,193.12
1382500560,NaN,NaN,NaN,NaN
1382500620,193.13,193.28,193.13,193.28
1382500680,193.42,193.69,192.91,192.91
1382500740,193.69,193.69,193.69,193.69
1382500800,193.5,193.5,193.5,193.5
1382500860,NaN,NaN,NaN,NaN
1382500920,193.68,193.69,193.5,193.5
1382500980,NaN,NaN,NaN,NaN
1382501040,NaN,NaN,NaN,NaN
1382501100,NaN,NaN,NaN,NaN
1382501160,193.69,193.98,193.69,193.98
1382501220,193.94,193.94,193.92,193.92
1382501280,193.92,193.92,193.51,193.51
1382501340,193.94,193.94,193.89,193.89
1382501400,193.89,193.98,193.89,193.98
1382501460,193.75,193.75,193.75,193.75
1382501520,NaN,NaN,NaN,NaN
1382501580,193.74,193.74,193.74,193.74
1382501640,193.74,193.74,193.7,193.7
1382501700,193.68,193.68,193.65,193.66
1382501760,193.66,193.66,193.66,193.66
1382501820,193.66,193.66,193.64,193.64
1382501880,193.66,193.66,193.66,193.66
1382501940,NaN,NaN,NaN,NaN
1382502000,193.66,193.66,193.66,193.66
1382502060,193.7,193.7,193.7,193.7
1382502120,193.7,193.98,193.7,193.98
1382502180,193.84,193.84,193.84,193.84
1382502240,NaN,NaN,NaN,NaN
1382502300,193.85,193.86,193.85,193.86
1382502360,193.88,193.9,193.88,193.9
1382502420,193.86,193.92,193.86,193.92
1382502480,193.86,193.98,193.86,193.98
1382502540,NaN,NaN,NaN,NaN
1382502600,193.99,193.99,193.99,193.99
1382502660,194,194,194,194
1382502720,NaN,NaN,NaN,NaN
1382502780,194.02,194.02,194.02,194.02
1382502840,194.03,194.08,194.03,194.08
1382502900,194.04,194.19,194.04,194.19
1382502960,194.19,194.2,194.19,194.2
1382503020,194.22,194.24,194.22,194.24
1382503080,194.24,194.24,194.24,194.24
1382503140,194.24,194.25,194.24,194.25
1382503200,194.25,194.25,194.2,194.2
1382503260,NaN,NaN,NaN,NaN
1382503320,194.25,194.25,194.25,194.25
1382503380,194.2,194.2,194.2,194.2
1382503440,194.2,194.2,194.2,194.2
1382503500,194.2,194.2,194.2,194.2
1382503560,194.2,194.25,194.19,194.25
1382503620,194.25,194.25,194.25,194.25
1382503680,193.82,193.82,193.82,193.82
1382503740,193.82,193.82,193.82,193.82
1382503800,NaN,NaN,NaN,NaN
1382503860,NaN,NaN,NaN,NaN
1382503920,NaN,NaN,NaN,NaN
1382503980,NaN,NaN,NaN,NaN
1382504040,NaN,NaN,NaN,NaN
1382504100,NaN,NaN,NaN,NaN
1382504160,193.81,193.81,193.81,193.81
1382504220,193.82,194,193.82,194
1382504280,194.18,194.25,194,194.01
1382504340,NaN,NaN,NaN,NaN
1382504400,NaN,NaN,NaN,NaN
1382504460,NaN,NaN,NaN,NaN
1382504520,NaN,NaN,NaN,NaN
1382504580,NaN,NaN,NaN,NaN
1382504640,NaN,NaN,NaN,NaN
1382504700,NaN,NaN,NaN,NaN
1382504760,NaN,NaN,NaN,NaN
1382504820,194.01,194.01,194.01,194.01
1382504880,194.01,194.01,194.01,194.01
1382504940,194,194,194,194
1382505000,194.01,194.01,194.01,194.01
1382505060,NaN,NaN,NaN,NaN
1382505120,194.01,194.13,194.01,194.13
1382505180,194.13,194.23,194.13,194.23
1382505240,194.23,194.24,194.23,194.24
1382505300,194.24,194.24,194.24,194.24
1382505360,NaN,NaN,NaN,NaN
1382505420,NaN,NaN,NaN,NaN
1382505480,194.23,194.24,194.23,194.24
1382505540,NaN,NaN,NaN,NaN
1382505600,NaN,NaN,NaN,NaN
1382505660,194.23,194.23,194.23,194.23
1382505720,NaN,NaN,NaN,NaN
1382505780,NaN,NaN,NaN,NaN
1382505840,NaN,NaN,NaN,NaN
1382505900,NaN,NaN,NaN,NaN
1382505960,NaN,NaN,NaN,NaN
1382506020,194.22,194.22,194.22,194.22
1382506080,194.22,194.22,194.22,194.22
1382506140,NaN,NaN,NaN,NaN
1382506200,194.22,194.22,194.22,194.22
1382506260,NaN,NaN,NaN,NaN
1382506320,NaN,NaN,NaN,NaN
1382506380,NaN,NaN,NaN,NaN
1382506440,193.93,194.22,193.93,194.22
1382506500,194.22,194.22,194.22,194.22
1382506560,194.22,194.22,194.22,194.22
1382506620,NaN,NaN,NaN,NaN
1382506680,194,194,194,194
1382506740,194,194,194,194
1382506800,194,194,194,194
1382506860,194,194.1,194,194.1
1382506920,NaN,NaN,NaN,NaN
1382506980,NaN,NaN,NaN,NaN
1382507040,NaN,NaN,NaN,NaN
1382507100,NaN,NaN,NaN,NaN
1382507160,194.21,194.24,194.21,194.24
1382507220,194.25,194.25,194.25,194.25
1382507280,NaN,NaN,NaN,NaN
1382507340,194.25,194.25,194.25,194.25
1382507400,194.25,194.25,194.25,194.25
1382507460,NaN,NaN,NaN,NaN
1382507520,194.25,194.25,194.25,194.25
1382507580,NaN,NaN,NaN,NaN
1382507640,194.25,194.25,194.25,194.25
1382507700,194.25,194.25,194.25,194.25
1382507760,194.25,194.25,194.25,194.25
1382507820,194.2,194.2,194,194
1382507880,NaN,NaN,NaN,NaN
1382507940,194.2,194.2,194,194
1382508000,194.2,194.25,194.2,194.25
1382508060,NaN,NaN,NaN,NaN
1382508120,194.25,194.25,194.25,194.25
1382508180,194.25,194.25,194.25,194.25
1382508240,194.25,194.25,194.25,194.25
1382508300,NaN,NaN,NaN,NaN
1382508360,194.25,194.25,194.25,194.25
1382508420,NaN,NaN,NaN,NaN
1382508480,194.25,194.25,194.25,194.25
1382508540,NaN,NaN,NaN,NaN
1382508600,NaN,NaN,NaN,NaN
1382508660,NaN,NaN,NaN,NaN
1382508720,194.18,194.2,194.18,194.2
1382508780,NaN,NaN,NaN,NaN
1382508840,194.1,194.25,194.1,194.25
1382508900,194.25,194.25,194.25,194.25
1382508960,194.01,194.01,194,194.01
1382509020,NaN,NaN,NaN,NaN
1382509080,194.01,194.01,194,194.01
1382509140,194.01,194.01,194,194
1382509200,NaN,NaN,NaN,NaN
1382509260,194,194,193.83,193.83
1382509320,NaN,NaN,NaN,NaN
1382509380,NaN,NaN,NaN,NaN
1382509440,193.83,193.83,193.83,193.83
1382509500,NaN,NaN,NaN,NaN
1382509560,193.83,193.83,193.83,193.83
1382509620,193.83,193.83,193.83,193.83
1382509680,193.74,193.74,193.74,193.74
1382509740,193.74,193.74,193.72,193.72
1382509800,193.72,193.72,193.51,193.7
1382509860,193.72,193.74,193.72,193.74
1382509920,193.74,193.74,193.72,193.72
1382509980,193.7,193.7,193.68,193.7
1382510040,193.7,193.7,193.68,193.68
1382510100,193.68,193.68,193.68,193.68
1382510160,193.68,193.68,193.68,193.68
1382510220,193.66,193.66,193.5,193.5
1382510280,193.48,193.48,193.3,193.3
1382510340,193.28,193.28,193.12,193.12
1382510400,193.12,193.12,193.1,193.1
1382510460,193.1,193.1,192.84,192.84
1382510520,192.84,192.84,192.66,192.66
1382510580,192.66,192.66,192.63,192.63
1382510640,192.63,192.66,192.62,192.62
1382510700,192.53,192.53,192.22,192.22
1382510760,192.15,192.15,190.62,190.62
1382510820,191.71,191.72,190.88,190.88
1382510880,190.62,190.62,190.18,190.18
1382510940,190.17,190.17,188.87,188.87
1382511000,188.86,190.2,187.91,188.99
1382511060,189,190.18,187.91,188.55
1382511120,188.54,188.55,188.54,188.55
1382511180,189.49,189.58,189.49,189.58
1382511240,189.47,190,189.47,189.99
1382511300,190.01,192.1,190.01,190.01
1382511360,NaN,NaN,NaN,NaN
1382511420,191.75,191.75,190.98,190.98
1382511480,191.01,191.01,191.01,191.01
1382511540,190.98,191.9,190.98,191.9
1382511600,191.81,191.81,190.99,190.99
1382511660,190.99,190.99,190.98,190.99
1382511720,190.98,190.99,190.97,190.99
1382511780,191.01,191.43,191,191.43
1382511840,191.45,191.85,191.45,191.85
1382511900,191.85,191.85,191.48,191.48
1382511960,NaN,NaN,NaN,NaN
1382512020,191.51,191.51,191.51,191.51
1382512080,NaN,NaN,NaN,NaN
1382512140,191.49,191.49,191.3,191.3
1382512200,191.02,191.02,190.99,190.99
1382512260,190.99,191,190.99,191
1382512320,190.99,190.99,190.99,190.99
1382512380,191,191,191,191
1382512440,NaN,NaN,NaN,NaN
1382512500,NaN,NaN,NaN,NaN
1382512560,190.96,191,190.96,191
1382512620,191,193,191,193
1382512680,193,193,193,193
1382512740,192.12,192.12,192.12,192.12
1382512800,NaN,NaN,NaN,NaN
1382512860,NaN,NaN,NaN,NaN
1382512920,NaN,NaN,NaN,NaN
1382512980,192.21,192.21,192.21,192.21
1382513040,192.21,192.21,192.15,192.15
1382513100,192.14,192.15,192.14,192.15
1382513160,192.07,192.07,192.07,192.07
1382513220,191.89,192.15,191.89,192.15
1382513280,192.58,193.1,192.58,193.1
1382513340,193.11,194.56,193.11,194.56
1382513400,194.52,194.52,194.11,194.11
1382513460,NaN,NaN,NaN,NaN
1382513520,194.01,194.01,194.01,194.01
1382513580,194.01,194.01,192.99,193
1382513640,193,193,193,193
1382513700,192.82,192.82,192.82,192.82
1382513760,192.82,193,192.58,192.58
1382513820,192.59,192.59,192.58,192.58
1382513880,192.59,192.59,192.59,192.59
1382513940,192.59,192.82,192.59,192.59
1382514000,192.82,192.99,192.59,192.59
1382514060,NaN,NaN,NaN,NaN
1382514120,192.59,192.59,192.59,192.59
1382514180,192.59,192.59,192.58,192.58
1382514240,192.59,192.59,192.15,192.15
1382514300,192.16,192.17,190.4,190.4
1382514360,190.4,190.4,187.66,187.66
1382514420,187.65,187.65,185,185
1382514480,185,192.14,185,191.99
1382514540,190.8,190.8,190.8,190.8
1382514600,190.79,190.94,190.79,190.79
1382514660,190.68,190.68,190.01,190.01
1382514720,190,190,189.99,189.99
1382514780,189.98,189.98,189.97,189.97
1382514840,190,190,189.74,189.74
1382514900,189.74,189.74,189.52,189.52
1382514960,189.72,189.72,189.7,189.72
1382515020,189.74,189.74,189.73,189.73
1382515080,189.72,189.73,189.72,189.73
1382515140,189.72,189.74,189.72,189.72
1382515200,189.74,189.74,189.73,189.73
1382515260,189.72,189.73,189.72,189.72
1382515320,189.72,189.72,189.71,189.71
1382515380,189.7,189.71,189.7,189.71
1382515440,189.71,189.73,189.71,189.73
1382515500,189.73,189.73,189.72,189.72
1382515560,189.51,189.51,189.51,189.51
1382515620,189.5,189.5,189.5,189.5
1382515680,NaN,NaN,NaN,NaN
1382515740,189.48,189.71,189.48,189.71
1382515800,189.48,189.72,189.48,189.72
1382515860,189.72,189.72,189.72,189.72
1382515920,189.72,190.19,189.51,189.51
1382515980,189.55,189.55,189.55,189.55
1382516040,NaN,NaN,NaN,NaN
1382516100,190.19,190.39,190.19,190.39
1382516160,190.36,190.36,190.36,190.36
1382516220,190.34,190.34,190.34,190.34
1382516280,190.4,190.4,190.4,190.4
1382516340,NaN,NaN,NaN,NaN
1382516400,190.44,190.54,190.44,190.54
1382516460,190.54,190.55,190.54,190.55
1382516520,190.55,190.55,190.55,190.55
1382516580,190.56,190.56,190.56,190.56
1382516640,190.55,190.55,190.55,190.55
1382516700,190.3,190.56,190.3,190.56
1382516760,190.57,190.58,190.57,190.58
1382516820,NaN,NaN,NaN,NaN
1382516880,NaN,NaN,NaN,NaN
1382516940,190.68,190.68,190.57,190.57
1382517000,190.68,190.75,190.68,190.75
1382517060,190.75,190.75,190.75,190.75
1382517120,190.81,191,190.81,191
1382517180,191,191,190.96,190.96
1382517240,191,191.11,191,191.11
1382517300,NaN,NaN,NaN,NaN
1382517360,191.13,191.35,191.13,191.35
1382517420,191.35,191.35,191.35,191.35
1382517480,191.43,191.44,191.43,191.44
1382517540,191.44,191.44,191.44,191.44
1382517600,191.49,191.5,191.45,191.45
1382517660,191.35,191.35,191.35,191.35
1382517720,191.13,191.13,191.12,191.12
1382517780,191.13,191.13,191.12,191.12
1382517840,191.12,191.12,191.12,191.12
1382517900,NaN,NaN,NaN,NaN
1382517960,191.12,191.12,191.12,191.12
1382518020,191.12,191.12,190.15,190.15
1382518080,189.97,189.97,189.6,189.6
1382518140,189.57,189.57,189.57,189.57
1382518200,189.47,189.5,189.23,189.5
1382518260,189.22,189.5,189.22,189.5
1382518320,189.22,189.22,189.22,189.22
1382518380,189.22,189.5,189,189.5
1382518440,189.5,189.5,189,189.48
1382518500,189.47,189.47,189.03,189.03
1382518560,189.03,189.03,189.03,189.03
1382518620,189.03,189.4,189.03,189.4
1382518680,189.4,189.4,189.4,189.4
1382518740,189.4,189.4,189.4,189.4
1382518800,189.47,189.96,189.47,189.96
1382518860,189.98,189.99,189.98,189.99
1382518920,189.99,190,189.99,190
1382518980,NaN,NaN,NaN,NaN
1382519040,190,190,190,190
1382519100,189.99,189.99,189.99,189.99
1382519160,189.99,189.99,189.98,189.99
1382519220,189.99,189.99,189.49,189.99
1382519280,189.99,189.99,189.95,189.99
1382519340,189.99,190,189.99,190
1382519400,190,190,189.89,189.89
1382519460,189.89,190,189.89,189.89
1382519520,189.89,189.89,189.89,189.89
1382519580,189.99,189.99,189.99,189.99
1382519640,NaN,NaN,NaN,NaN
1382519700,189.99,190,189.99,190
1382519760,189.98,189.98,189.98,189.98
1382519820,NaN,NaN,NaN,NaN
1382519880,NaN,NaN,NaN,NaN
1382519940,189.66,189.66,189.66,189.66
1382520000,189.66,189.66,189.66,189.66
1382520060,189.54,189.99,189.54,189.99
1382520120,189.99,189.99,189.99,189.99
1382520180,189.99,189.99,189.99,189.99
1382520240,189.62,189.99,189.62,189.99
1382520300,189.98,189.99,189.98,189.98
1382520360,NaN,NaN,NaN,NaN
1382520420,189.97,189.97,189.96,189.96
1382520480,189.95,189.95,189.75,189.75
1382520540,189.75,189.93,189.75,189.93
1382520600,189.93,189.93,189.93,189.93
1382520660,NaN,NaN,NaN,NaN
1382520720,NaN,NaN,NaN,NaN
1382520780,189.88,189.93,189.88,189.93
1382520840,189.93,189.93,189.66,189.66
1382520900,189.66,189.66,189.64,189.66
1382520960,189.66,189.99,189.66,189.99
1382521020,189.99,189.99,189.99,189.99
1382521080,189.8,189.8,189.8,189.8
1382521140,189.8,189.8,189.8,189.8
1382521200,189.8,189.99,189.8,189.99
1382521260,189.99,189.99,189.99,189.99
1382521320,189.98,189.99,189.66,189.99
1382521380,189.99,190,189.99,190
1382521440,189.99,190,189.99,190
1382521500,190,190,190,190
1382521560,189.99,189.99,189.67,189.99
1382521620,189.99,190,189.99,190
1382521680,190,190,190,190
1382521740,190,190,190,190
1382521800,190,190,190,190
1382521860,190,190,189.68,190
1382521920,190,190,190,190
1382521980,190,190,190,190
1382522040,190,190,190,190
1382522100,190,190,189.69,189.69
1382522160,189.69,189.69,189.68,189.68
1382522220,189.68,189.69,189.68,189.69
1382522280,189.69,190,189.69,190
1382522340,190,190,190,190
1382522400,190,190,189.99,189.99
1382522460,189.71,189.99,189.69,189.99
1382522520,189.7,189.7,189.7,189.7
1382522580,189.7,189.99,189.7,189.99
1382522640,NaN,NaN,NaN,NaN
1382522700,NaN,NaN,NaN,NaN
1382522760,189.99,189.99,189.99,189.99
1382522820,190,190,190,190
1382522880,189.99,190,189.99,190
1382522940,190,190,189.99,189.99
1382523000,190,190,190,190
1382523060,190,190,190,190
1382523120,190,190,189.99,189.99
1382523180,189.99,190,189.99,190
1382523240,189.73,190,189.73,190
1382523300,190,190,190,190
1382523360,190,190,189.73,189.73
1382523420,190,190,189.75,189.75
1382523480,190,190,190,190
1382523540,190,190,190,190
1382523600,189.75,190,189.75,190
1382523660,190,190,190,190
1382523720,190,190,190,190
1382523780,190,190,190,190
1382523840,190,190,190,190
1382523900,190,190,190,190
1382523960,190,190,189.75,190
1382524020,190,190,190,190
1382524080,190,190,190,190
1382524140,190,190.1,190,190.1
1382524200,190.1,190.14,190.1,190.14
1382524260,190.14,190.44,190.14,190.44
1382524320,190.54,190.65,190.54,190.65
1382524380,190.65,190.65,190.65,190.65
1382524440,NaN,NaN,NaN,NaN
1382524500,190.66,190.79,190.66,190.79
1382524560,190.79,190.81,190.79,190.81
1382524620,190.82,190.82,190.82,190.82
1382524680,190.83,190.85,190.83,190.85
1382524740,190.85,190.94,190.85,190.94
1382524800,190.94,190.95,190.94,190.95
1382524860,190.95,190.95,190.95,190.95
1382524920,190.95,191.01,190.95,191.01
1382524980,191.03,191.03,191.03,191.03
1382525040,NaN,NaN,NaN,NaN
1382525100,191.17,191.38,191.17,191.38
1382525160,191.38,191.45,191.38,191.45
1382525220,191.45,191.5,191.45,191.5
1382525280,191.5,191.5,191.5,191.5
1382525340,191.5,191.5,191.5,191.5
1382525400,191.5,191.5,191.5,191.5
1382525460,191.5,191.5,191.5,191.5
1382525520,191.5,191.5,191.5,191.5
1382525580,191.5,191.52,191.5,191.52
1382525640,191.52,191.55,191.52,191.55
1382525700,191.55,192.08,191.55,192.08
1382525760,192.1,192.25,192.1,192.24
1382525820,192.24,192.24,192.1,192.1
1382525880,192.24,192.25,192.24,192.24
1382525940,192.25,192.25,192.24,192.24
1382526000,192.24,192.24,192.24,192.24
1382526060,192.24,192.24,192.24,192.24
1382526120,192.25,192.35,192.25,192.25
1382526180,192.35,192.36,192.35,192.36
1382526240,192.36,192.36,192.36,192.36
1382526300,192.24,192.44,192.24,192.44
1382526360,NaN,NaN,NaN,NaN
1382526420,NaN,NaN,NaN,NaN
1382526480,192.44,192.44,192.44,192.44
1382526540,192.44,192.44,192.44,192.44
1382526600,192.47,192.47,192.47,192.47
1382526660,192.5,192.5,192.5,192.5
1382526720,192.5,192.5,192.5,192.5
1382526780,192.47,192.5,192.47,192.47
1382526840,NaN,NaN,NaN,NaN
1382526900,192.5,192.5,192.5,192.5
1382526960,192.5,192.5,192.5,192.5
1382527020,NaN,NaN,NaN,NaN
1382527080,192.5,192.5,192.5,192.5
1382527140,192.5,192.6,192.5,192.6
1382527200,NaN,NaN,NaN,NaN
1382527260,192.6,192.7,192.6,192.7
1382527320,NaN,NaN,NaN,NaN
1382527380,192.7,192.86,192.7,192.86
1382527440,192.61,192.94,192.61,192.94
1382527500,192.94,192.94,192.86,192.86
1382527560,192.95,192.99,192.86,192.99
1382527620,192.99,192.99,192.99,192.99
1382527680,192.99,192.99,192.99,192.99
1382527740,192.99,192.99,192.99,192.99
1382527800,192.99,192.99,192.98,192.98
1382527860,192.98,192.98,192.98,192.98
1382527920,192.9,192.99,192.5,192.86
1382527980,192.86,192.86,192.51,192.51
1382528040,192.5,192.51,192.5,192.51
1382528100,192.7,192.86,192.7,192.86
1382528160,192.95,192.96,192.95,192.96
1382528220,192.96,192.96,192.96,192.96
1382528280,192.96,192.96,192.96,192.96
1382528340,192.96,192.96,192.96,192.96
1382528400,192.96,192.96,192.96,192.96
1382528460,192.96,192.96,192.96,192.96
1382528520,192.97,192.98,192.97,192.98
1382528580,192.98,193,192.97,193
1382528640,193,193,192.98,193
1382528700,193,193.23,193,193.23
1382528760,193.23,193.34,192.98,193.34
1382528820,193.36,193.44,193.34,193.34
1382528880,193.36,193.5,193.36,193.5
1382528940,193.52,193.56,193.28,193.54
1382529000,193.56,193.56,193.54,193.54
1382529060,193.54,193.6,193.54,193.54
1382529120,193.5,193.5,193.5,193.5
1382529180,193.3,193.32,193.28,193.3
1382529240,193.3,193.32,193.3,193.3
1382529300,193.32,193.33,193.32,193.33
1382529360,193.34,193.5,193.34,193.5
1382529420,193.5,193.54,193.5,193.54
1382529480,193.54,193.54,193.54,193.54
1382529540,193.54,193.72,193.54,193.72
1382529600,193.6,193.84,193.6,193.84
1382529660,193.86,193.89,193.86,193.89
1382529720,193.89,193.9,193.89,193.89
1382529780,193.92,193.95,193.92,193.95
1382529840,193.94,193.95,193.82,193.92
1382529900,193.97,193.98,193.97,193.97
1382529960,193.98,193.99,193.97,193.97
1382530020,193.99,194,193.99,193.99
1382530080,194,194,194,194
1382530140,194.05,194.1,194.05,194.1
1382530200,194.11,194.2,194.11,194.2
1382530260,194.17,194.26,194.17,194.26
1382530320,194.3,194.34,194.3,194.34
1382530380,194.34,194.5,194.34,194.5
1382530440,194.48,194.5,194.47,194.5
1382530500,194.5,194.55,194.5,194.5
1382530560,194.48,194.55,194.48,194.55
1382530620,194.55,194.55,194.55,194.55
1382530680,194.55,194.6,194.55,194.55
1382530740,194.6,194.62,194.6,194.62
1382530800,194.6,194.6,194.6,194.6
1382530860,194.62,194.62,194.62,194.62
1382530920,194.62,194.68,194.62,194.68
1382530980,194.68,194.72,194.68,194.72
1382531040,194.71,194.72,194.68,194.68
1382531100,194.68,194.71,194.68,194.71
1382531160,194.71,194.71,194.71,194.71
1382531220,194.71,194.73,194.6,194.72
1382531280,194.72,194.72,194.6,194.6
1382531340,194.6,194.71,194.01,194.71
1382531400,194.71,194.71,193.99,194
1382531460,194.7,194.7,193.99,193.99
1382531520,194,194.01,193.48,193.48
1382531580,193.74,193.99,193.74,193.99
1382531640,193.99,194.7,193.99,194.6
1382531700,194.59,194.59,194.59,194.59
1382531760,194.59,194.6,194.59,194.59
1382531820,194.59,194.59,194.59,194.59
1382531880,194.6,194.74,194.01,194.01
1382531940,194.01,194.01,194,194
1382532000,194,194,194,194
1382532060,194.01,194.74,194.01,194.74
1382532120,194.73,194.74,194.55,194.55
1382532180,NaN,NaN,NaN,NaN
1382532240,194.55,194.74,194.5,194.74
1382532300,NaN,NaN,NaN,NaN
1382532360,194.7,195,194.7,195
1382532420,194.8,195,194.08,194.08
1382532480,194.09,194.09,194.09,194.09
1382532540,NaN,NaN,NaN,NaN
1382532600,194.53,194.53,194.53,194.53
1382532660,194.13,194.5,194.02,194.03
1382532720,194.03,194.03,194,194
1382532780,194,194,193,194
1382532840,193.8,193.8,193.8,193.8
1382532900,193.5,193.5,193.5,193.5
1382532960,193.45,193.45,193.45,193.45
1382533020,193.49,193.49,193,193
1382533080,192.99,193,192.99,193
1382533140,192.98,192.98,192.5,192.5
1382533200,192.5,192.5,192,192.05
1382533260,192.04,192.05,192.04,192.05
1382533320,192.05,192.05,192,192
1382533380,192.01,192.01,192.01,192.01
1382533440,192.01,192.01,192.01,192.01
1382533500,192.01,192.05,192.01,192.05
1382533560,192.05,192.49,192.05,192.05
1382533620,192.06,192.06,192.06,192.06
1382533680,192.06,193.01,192.06,193.01
1382533740,192.07,193.01,192.07,192.1
1382533800,192.51,193,192.51,193
1382533860,193.01,193.08,193,193.08
1382533920,193,193.16,192,193.16
1382533980,192.51,192.51,191.99,191.99
1382534040,192.34,192.96,192.34,192.96
1382534100,192.94,192.94,192.94,192.94
1382534160,192.96,193.04,192.94,192.94
1382534220,192.96,192.98,192.96,192.98
1382534280,192.96,192.96,190.01,190.01
1382534340,190,193.12,189.37,193.12
1382534400,192.84,192.84,192.47,192.47
1382534460,NaN,NaN,NaN,NaN
1382534520,192.72,192.8,192.47,192.47
1382534580,192.44,192.88,192,192.88
1382534640,192.31,192.81,192.31,192.81
1382534700,192.82,192.9,192.58,192.58
1382534760,192.59,193,192.56,193
1382534820,193,193.42,192.87,193.19
1382534880,193.2,193.2,193.08,193.2
1382534940,193.2,193.2,193.2,193.2
1382535000,193.2,193.22,193.2,193.22
1382535060,193.22,193.5,193.22,193.5
1382535120,193.49,193.5,193.49,193.49
1382535180,193.49,193.5,193.49,193.49
1382535240,193.49,194.47,193.49,194.47
1382535300,194.46,194.66,192.95,192.95
1382535360,192.95,192.95,192.94,192.95
1382535420,192.95,194,192.95,194
1382535480,194,194.69,193,194.69
1382535540,194.69,194.69,194.69,194.69
1382535600,194.69,194.87,194.69,194.87
1382535660,194.59,194.59,194.58,194.58
1382535720,194.18,194.55,193.78,194.55
1382535780,194.18,194.87,194,194.87
1382535840,194.45,194.87,194.45,194.87
1382535900,194.87,194.87,194.87,194.87
1382535960,194.65,194.65,194.01,194.5
1382536020,194.01,194.01,194.01,194.01
1382536080,194.01,194.01,194.01,194.01
1382536140,194.01,194.01,193.75,193.75
1382536200,193.61,194.5,193,193.45
1382536260,193.78,194.35,193.78,194.35
1382536320,194.35,194.5,194.35,194.5
1382536380,194.44,194.44,194.43,194.43
1382536440,194.44,194.44,194.35,194.44
1382536500,194.35,194.35,194.35,194.35
1382536560,194.35,194.5,193.8,193.8
1382536620,194.25,194.45,194.25,194.44
1382536680,194.44,194.44,194.44,194.44
1382536740,194,194,194,194
1382536800,194,194.43,194,194.43
1382536860,193.61,194.43,193.61,194.43
1382536920,194.43,194.43,194.43,194.43
1382536980,194.44,194.44,193.4,193.4
1382537040,194,194.44,193.99,193.99
1382537100,194.43,194.44,194.43,194.43
1382537160,194.44,194.44,194.44,194.44
1382537220,194.44,194.44,194.44,194.44
1382537280,194.44,194.44,194.44,194.44
1382537340,194.01,194.44,194,194.44
1382537400,194.44,194.45,194.44,194.45
1382537460,194.44,194.45,194.44,194.45
1382537520,194.45,194.45,194.01,194.01
1382537580,194.45,194.45,194.01,194.45
1382537640,194.45,194.45,194.45,194.45
1382537700,194.45,194.5,194.45,194.5
1382537760,NaN,NaN,NaN,NaN
1382537820,194.5,194.51,194.5,194.51
1382537880,194.51,194.51,194.51,194.51
1382537940,194.64,194.64,194.64,194.64
1382538000,194.64,194.9,194.64,194.9
1382538060,194.9,195.11,194.9,195.11
1382538120,195.11,195.13,195.11,195.13
1382538180,195.14,195.21,195.14,195.21
1382538240,195.21,195.31,195.21,195.3
1382538300,195.31,195.5,195.31,195.5
1382538360,195.4,195.71,195.25,195.71
1382538420,195.7,195.71,195.7,195.71
1382538480,195.73,195.74,195.73,195.74
1382538540,195.74,195.74,194.64,194.64
1382538600,NaN,NaN,NaN,NaN
1382538660,194.65,194.65,194.64,194.65
1382538720,194.64,194.64,194.64,194.64
1382538780,194.65,195,194.65,195
1382538840,195,195.65,195,195.65
1382538900,NaN,NaN,NaN,NaN
1382538960,194.82,194.82,194.82,194.82
1382539020,194.65,194.93,194.52,194.93
1382539080,194.93,194.93,194.93,194.93
1382539140,195,195.06,195,195.06
1382539200,NaN,NaN,NaN,NaN
1382539260,195.13,195.5,195.13,195.5
1382539320,195.62,195.63,195.62,195.63
1382539380,195.5,195.56,195.5,195.56
1382539440,195.59,195.74,195.59,195.74
1382539500,195.65,195.74,195.65,195.71
1382539560,195.71,195.71,195.71,195.71
1382539620,195.63,195.71,195.63,195.71
1382539680,195.67,195.67,195.56,195.56
1382539740,195.56,195.56,195.55,195.55
1382539800,195.59,195.62,195.59,195.62
1382539860,195.62,195.62,195.62,195.62
1382539920,NaN,NaN,NaN,NaN
1382539980,195.57,195.57,195.57,195.57
1382540040,195.57,195.57,195.57,195.57
1382540100,195.57,195.57,195.57,195.57
1382540160,195.57,195.57,195.55,195.55
1382540220,195.55,195.55,195.55,195.55
1382540280,195.57,195.57,195.2,195.2
1382540340,195.2,195.2,195.1,195.1
1382540400,194.91,194.91,194.91,194.91
1382540460,NaN,NaN,NaN,NaN
1382540520,195,195,194.91,194.91
1382540580,194.75,194.75,194.75,194.75
1382540640,194.74,195,194.74,195
1382540700,194.74,194.99,194.74,194.99
1382540760,194.73,194.73,194.73,194.73
1382540820,194.73,194.99,194.73,194.99
1382540880,194.74,194.74,194.74,194.74
1382540940,194.73,194.73,194.65,194.65
1382541000,194.65,194.98,194.65,194.65
1382541060,194.65,194.65,194.65,194.65
1382541120,194.65,194.65,194.65,194.65
1382541180,194.67,194.67,194.67,194.67
1382541240,194.67,194.67,194.67,194.67
1382541300,194.67,194.98,194.65,194.65
1382541360,NaN,NaN,NaN,NaN
1382541420,194.83,194.98,194.68,194.68
1382541480,194.68,194.68,194.68,194.68
1382541540,194.68,194.68,194.59,194.59
1382541600,194.59,194.59,194.02,194.02
1382541660,194.02,194.59,193.7,193.7
1382541720,NaN,NaN,NaN,NaN
1382541780,194.31,194.31,194.15,194.31
1382541840,194.31,194.54,194.3,194.3
1382541900,194.18,194.56,194.18,194.56
1382541960,NaN,NaN,NaN,NaN
1382542020,194.57,194.58,194.57,194.58
1382542080,194.59,194.59,194.19,194.19
1382542140,194.19,194.96,194.18,194.18
1382542200,194.18,194.98,194.18,194.98
1382542260,NaN,NaN,NaN,NaN
1382542320,194.97,194.97,194.97,194.97
1382542380,194.98,195.08,194.97,194.97
1382542440,194.96,194.96,194.74,194.95
1382542500,194.95,194.96,194.95,194.96
1382542560,194.95,194.96,194.62,194.62
1382542620,194.5,194.96,194.5,194.96
1382542680,194.95,194.96,194.95,194.96
1382542740,194.65,194.65,194.64,194.64
1382542800,194.95,194.95,194,194.95
1382542860,194.94,194.94,194,194
1382542920,194.93,194.94,194.93,194.94
1382542980,NaN,NaN,NaN,NaN
1382543040,194.03,194.03,194.03,194.03
1382543100,194.47,194.47,194.03,194.03
1382543160,194.91,194.91,194.9,194.9
1382543220,194.07,194.07,194.07,194.07
1382543280,194.51,194.9,194,194
1382543340,194,194.52,194,194.52
1382543400,194.52,194.53,194.52,194.53
1382543460,194.01,194.01,194.01,194.01
1382543520,194.45,194.53,194.44,194.45
1382543580,194.44,194.44,194.44,194.44
1382543640,194.44,194.45,194.44,194.45
1382543700,194.45,194.53,194.45,194.53
1382543760,194.45,194.51,194.45,194.51
1382543820,194.51,194.96,194.51,194.96
1382543880,NaN,NaN,NaN,NaN
1382543940,NaN,NaN,NaN,NaN
1382544000,194.96,194.96,194.96,194.96
1382544060,NaN,NaN,NaN,NaN
1382544120,194.96,194.96,194.96,194.96
1382544180,NaN,NaN,NaN,NaN
1382544240,195,195,195,195
1382544300,195.07,195.07,195.07,195.07
1382544360,195.08,195.08,195.08,195.08
1382544420,195.08,195.08,195.08,195.08
1382544480,NaN,NaN,NaN,NaN
1382544540,NaN,NaN,NaN,NaN
1382544600,NaN,NaN,NaN,NaN
1382544660,195.08,195.42,195.08,195.42
1382544720,195.42,195.45,195.42,195.45
1382544780,195.45,195.68,195.45,195.68
1382544840,195.68,195.68,195.68,195.68
1382544900,195.69,195.69,195.69,195.69
1382544960,195.7,195.75,195.7,195.75
1382545020,195.75,195.76,195.75,195.76
1382545080,195.73,195.76,195.7,195.7
1382545140,195.73,195.76,195.7,195.7
1382545200,NaN,NaN,NaN,NaN
1382545260,195.73,195.76,195.73,195.76
1382545320,195.76,195.82,195.76,195.82
1382545380,195.82,195.82,195.82,195.82
1382545440,195.82,195.83,195.82,195.83
1382545500,195.84,195.84,195.84,195.84
1382545560,195.84,195.85,195.82,195.85
1382545620,195.85,195.86,195.85,195.86
1382545680,195.86,195.86,195.85,195.86
1382545740,195.86,195.86,195.85,195.86
1382545800,195.86,195.86,195.85,195.86
1382545860,195.86,195.86,195.86,195.86
1382545920,195.86,195.86,195.86,195.86
1382545980,195.86,195.86,195.85,195.85
1382546040,195.86,195.86,195.85,195.86
1382546100,195.86,195.86,195.85,195.86
1382546160,NaN,NaN,NaN,NaN
1382546220,195.85,195.86,195.85,195.86
1382546280,195.86,195.86,195.85,195.85
1382546340,195.86,195.86,195.86,195.86
1382546400,NaN,NaN,NaN,NaN
1382546460,195.87,195.87,195.86,195.86
1382546520,195.86,195.98,195.86,195.86
1382546580,195.86,195.86,195.86,195.86
1382546640,195.86,196,195.86,196
1382546700,196,196.3,196,196.3
1382546760,196.3,196.36,196,196
1382546820,196.36,196.42,196.33,196.33
1382546880,NaN,NaN,NaN,NaN
1382546940,196.33,196.33,196.32,196.32
1382547000,196.42,196.49,196.42,196.42
1382547060,196.42,196.46,196.32,196.32
1382547120,196.33,196.49,196.33,196.33
1382547180,196.49,196.49,196.33,196.33
1382547240,196.33,196.33,196.33,196.33
1382547300,196.47,196.49,196.47,196.49
1382547360,196.33,196.48,196.33,196.48
1382547420,196.49,196.51,196.49,196.51
1382547480,196.51,196.51,196.5,196.5
1382547540,196.49,196.55,196.49,196.5
1382547600,196.5,196.56,196.5,196.56
1382547660,196.56,196.64,196.56,196.64
1382547720,196.64,196.72,196.64,196.72
1382547780,196.72,196.84,196.72,196.84
1382547840,196.85,196.95,196.85,196.94
1382547900,196.94,196.95,196.5,196.95
1382547960,196.95,196.95,196.94,196.95
1382548020,196.94,196.95,196.94,196.95
1382548080,196.95,196.96,196.95,196.96
1382548140,196.9,196.96,196.9,196.96
1382548200,196.96,196.96,196.96,196.96
1382548260,196.96,196.97,196.96,196.97
1382548320,196.97,196.98,196.97,196.98
1382548380,196.98,196.98,196.97,196.97
1382548440,196.98,196.98,196.97,196.97
1382548500,196.98,196.98,196.98,196.98
1382548560,196.98,196.98,196,196.98
1382548620,196.31,196.98,196.31,196.98
1382548680,196.97,196.98,196.97,196.98
1382548740,196.98,196.98,196.98,196.98
1382548800,196.4,196.98,196.4,196.98
1382548860,196.98,196.98,196.98,196.98
1382548920,196.98,196.98,196.97,196.97
1382548980,196.97,196.97,196.09,196.41
1382549040,196.41,196.98,196.41,196.98
1382549100,196.98,196.98,196.8,196.8
1382549160,196.8,196.97,196.51,196.97
1382549220,196.97,196.97,196.97,196.97
1382549280,196.97,196.97,196.95,196.97
1382549340,196.97,196.97,196.97,196.97
1382549400,196.97,196.98,196.97,196.98
1382549460,196.98,197,196.97,197
1382549520,197,197,196.97,197
1382549580,197,197.12,197,197.12
1382549640,197.12,197.18,197.12,197.18
1382549700,197.23,197.5,197.23,197.5
1382549760,197.5,197.5,197.5,197.5
1382549820,197.5,197.5,197.5,197.5
1382549880,197.5,197.5,197.5,197.5
1382549940,197.51,197.64,197.51,197.64
1382550000,197.65,197.96,197.63,197.94
1382550060,197.93,197.96,197.93,197.96
1382550120,197.96,197.97,197.93,197.97
1382550180,197.98,197.99,197.98,197.98
1382550240,198,198,197.98,198
1382550300,198,198,197.99,198
1382550360,198,198,198,198
1382550420,198,198.5,198,198.5
1382550480,198.64,199,198.64,199
1382550540,199,199,198,198
1382550600,198.22,198.22,198,198
1382550660,NaN,NaN,NaN,NaN
1382550720,198.22,198.33,198,198
1382550780,NaN,NaN,NaN,NaN
1382550840,198.12,198.12,198.12,198.12
1382550900,198.46,198.46,198.46,198.46
1382550960,198.57,198.99,198.46,198.99
1382551020,198.83,198.98,198.83,198.98
1382551080,198.99,199,198.99,199
1382551140,199,199.03,198.87,199.03
1382551200,199.03,199.29,199.03,199.29
1382551260,199.39,199.66,199.1,199.66
1382551320,199.5,199.5,199,199.5
1382551380,199,199,199,199
1382551440,199.01,199.01,199.01,199.01
1382551500,199.13,199.5,199.13,199.5
1382551560,199.5,199.65,199.5,199.6
1382551620,199.14,199.5,199.13,199.13
1382551680,199.13,199.49,199.13,199.49
1382551740,199.49,199.78,199.49,199.78
1382551800,199.8,199.99,199.8,199.99
1382551860,199.99,200,199.99,200
1382551920,200,200,200,200
1382551980,200,200,200,200
1382552040,199.59,200.01,199.59,200.01
1382552100,200.03,201,200.03,201
1382552160,201,201.07,201,201.07
1382552220,201,201.07,201,201
1382552280,201.04,201.23,201.04,201.23
1382552340,201.25,201.97,201,201.04
1382552400,201.01,201.2,201.01,201.2
1382552460,201.2,201.2,201.2,201.2
1382552520,201.9,201.9,201.69,201.69
1382552580,201.69,201.69,201.5,201.69
1382552640,201.9,201.94,201.48,201.51
1382552700,201.51,201.51,201.51,201.51
1382552760,201.5,201.5,201.48,201.48
1382552820,201.49,201.9,201.48,201.48
1382552880,201.48,201.48,201.1,201.1
1382552940,201.03,201.03,200.01,200.01
1382553000,200,200.01,199.5,200
1382553060,199.99,200,199.99,200
1382553120,200.2,200.25,200.2,200.2
1382553180,200.2,200.4,200.2,200.2
1382553240,200.2,200.2,200.2,200.2
1382553300,200.44,200.69,200.44,200.69
1382553360,200.44,201.96,200.44,201.96
1382553420,200.44,201.08,200.44,201.08
1382553480,201.08,201.08,200,200
1382553540,200,201.08,200,200.54
1382553600,200,200.54,199.58,200.54
1382553660,200.51,200.51,200.51,200.51
1382553720,200.51,200.51,200.51,200.51
1382553780,NaN,NaN,NaN,NaN
1382553840,200.34,200.34,200.34,200.34
1382553900,200.34,200.34,200.34,200.34
1382553960,200.28,200.28,199.6,199.6
1382554020,200,200.01,200,200.01
1382554080,NaN,NaN,NaN,NaN
1382554140,200.01,200.01,200,200.01
1382554200,200,200.31,200,200
1382554260,199.61,199.61,199.61,199.61
1382554320,199.6,199.6,199.6,199.6
1382554380,199.6,200,199.6,200
1382554440,199.59,199.59,199.49,199.49
1382554500,199.44,200,196.7,200
1382554560,198.45,198.45,197,197.96
1382554620,198,199.63,197.96,199
1382554680,199,200,199,200
1382554740,199.25,199.25,199.25,199.25
1382554800,199.13,199.13,199.13,199.13
1382554860,199.25,199.25,196.51,196.51
1382554920,196.4,199.03,196,198.59
1382554980,198.59,198.68,198.59,198.68
1382555040,198.68,198.68,198.4,198.4
1382555100,198.06,198.73,198.06,198.73
1382555160,198.21,198.21,197.68,197.68
1382555220,197.72,198.73,197.72,198.73
1382555280,198.38,198.73,198.38,198.73
1382555340,198.73,199.62,198.55,199.62
1382555400,199,199,198.74,199
1382555460,199,199,199,199
1382555520,198.99,199.18,198.99,199.18
1382555580,199.18,199.99,199.09,199.09
1382555640,199.01,199.99,199,199.99
1382555700,199.09,199.99,199,199.98
1382555760,199,199,199,199
1382555820,199.25,199.49,199.25,199.25
1382555880,NaN,NaN,NaN,NaN
1382555940,199.26,199.26,199.25,199.25
1382556000,199.13,199.3,199.13,199.3
1382556060,199.37,199.37,199.37,199.37
1382556120,NaN,NaN,NaN,NaN
1382556180,NaN,NaN,NaN,NaN
1382556240,199.37,199.37,199.37,199.37
1382556300,199.3,199.3,199.3,199.3
1382556360,199.02,199.02,199.02,199.02
1382556420,199.3,199.3,199.3,199.3
1382556480,NaN,NaN,NaN,NaN
1382556540,199.11,199.11,199.11,199.11
1382556600,NaN,NaN,NaN,NaN
1382556660,199.11,199.11,199.11,199.11
1382556720,199.11,199.11,199.02,199.09
1382556780,199,199.3,199,199.3
1382556840,198.63,198.63,198.63,198.63
1382556900,198.6,198.63,198.6,198.63
1382556960,NaN,NaN,NaN,NaN
1382557020,199.29,199.29,199.29,199.29
1382557080,199.29,199.29,198.47,198.47
1382557140,198.48,198.48,198.48,198.48
1382557200,198.48,199.3,198.48,199.3
1382557260,199.29,199.29,199.29,199.29
1382557320,199.29,199.29,199.29,199.29
1382557380,199.3,200.05,199.3,200.05
1382557440,200.04,200.4,200.04,200.4
1382557500,200.4,200.98,200.4,200.98
1382557560,200.99,200.99,200.99,200.99
1382557620,201,201,200.05,200.05
1382557680,NaN,NaN,NaN,NaN
1382557740,200.05,201,200.05,201
1382557800,201,201.03,201,201
1382557860,201.03,201.31,201.03,201.31
1382557920,201.31,201.97,201.08,201.97
1382557980,201.98,202.64,201.98,202.01
1382558040,202.64,202.99,202.64,202.99
1382558100,202.99,202.99,202.71,202.99
1382558160,202.99,203,202,202.99
1382558220,202.99,202.99,202.99,202.99
1382558280,202.99,203.28,202.99,203.15
1382558340,203.15,203.52,203.15,203.52
1382558400,203.52,203.68,202.99,202.99
1382558460,203.66,203.66,203.29,203.29
1382558520,203.28,203.28,203.17,203.28
1382558580,203.17,203.28,203.17,203.28
1382558640,203.29,203.45,203.29,203.29
1382558700,203.29,203.66,203.29,203.66
1382558760,203.66,203.68,203.66,203.68
1382558820,203.68,203.79,203.68,203.68
1382558880,203.68,203.68,203.66,203.68
1382558940,203.68,203.68,203.66,203.66
1382559000,203.68,203.68,203.49,203.49
1382559060,203.49,203.49,203.45,203.45
1382559120,203.68,203.68,203.29,203.29
1382559180,203.29,203.45,203.29,203.45
1382559240,203.45,203.45,203.45,203.45
1382559300,203.45,203.65,203.28,203.65
1382559360,203.68,203.79,203.68,203.79
1382559420,203.68,203.74,203.65,203.65
1382559480,203.74,203.74,203.65,203.65
1382559540,203.65,203.74,203.65,203.74
1382559600,203.74,203.74,203.74,203.74
1382559660,203.74,203.79,203.7,203.79
1382559720,203.85,203.85,203.85,203.85
1382559780,203.85,203.85,203.84,203.85
1382559840,203.85,203.85,203.85,203.85
1382559900,203.85,203.85,203.85,203.85
1382559960,203.78,203.85,203.78,203.85
1382560020,203.79,203.79,203.78,203.78
1382560080,203.74,203.74,203.74,203.74
1382560140,203.78,203.78,203.78,203.78
1382560200,203.84,203.84,203.7,203.7
1382560260,203.68,203.68,203.65,203.65
1382560320,203.65,203.65,203.2,203.23
1382560380,203.17,203.7,203,203.68
1382560440,203.11,203.11,202.9,202.9
1382560500,202.81,202.81,202.8,202.8
1382560560,202.8,202.8,202.8,202.8
1382560620,202.8,202.8,201.83,201.83
1382560680,201.79,201.79,200.02,200.02
1382560740,200.76,200.76,200.59,200.59
1382560800,200.59,200.76,200,200.76
1382560860,200.76,200.76,200.76,200.76
1382560920,200.28,200.28,200.28,200.28
1382560980,200.76,200.76,200.3,200.76
1382561040,200.76,200.76,200.76,200.76
1382561100,200.76,201.2,200.76,201.2
1382561160,201.5,201.5,201.5,201.5
1382561220,201.52,202.18,201.52,202.18
1382561280,202.18,202.29,202.18,202.29
1382561340,202.27,202.39,202.27,202.39
1382561400,202.38,202.48,202.38,202.39
1382561460,202.39,202.48,202.39,202.39
1382561520,202.39,202.48,202.3,202.3
1382561580,202.3,202.3,202.29,202.3
1382561640,202.29,202.3,202.29,202.3
1382561700,202.3,202.3,202.29,202.29
1382561760,202.29,202.3,202.29,202.3
1382561820,202.3,202.3,202.3,202.3
1382561880,202.3,202.3,202.3,202.3
1382561940,202.3,202.3,202.29,202.3
1382562000,202.3,202.3,202.3,202.3
1382562060,202.29,202.3,201.7,202.3
1382562120,202.3,202.3,202.3,202.3
1382562180,202.3,202.31,202.3,202.31
1382562240,202.31,202.31,202.31,202.31
1382562300,NaN,NaN,NaN,NaN
1382562360,202.3,202.3,202.3,202.3
1382562420,202.3,202.48,202.3,202.48
1382562480,201.45,202.48,201.45,202.48
1382562540,NaN,NaN,NaN,NaN
1382562600,202.46,202.46,202.46,202.46
1382562660,201.57,201.57,201.57,201.57
1382562720,201.62,201.62,201.62,201.62
1382562780,NaN,NaN,NaN,NaN
1382562840,202.46,202.46,202.46,202.46
1382562900,202.46,202.46,202.46,202.46
1382562960,202.3,202.3,201.77,202.3
1382563020,202.21,202.3,202.21,202.3
1382563080,201.8,201.8,201.8,201.8
1382563140,NaN,NaN,NaN,NaN
1382563200,202.3,202.3,201.85,202.3
1382563260,202.31,202.48,202.3,202.48
1382563320,202.3,202.3,202.3,202.3
1382563380,202.47,202.48,202.47,202.48
1382563440,202.31,202.31,202.3,202.3
1382563500,202.48,202.48,202.3,202.3
1382563560,NaN,NaN,NaN,NaN
1382563620,202.3,202.3,201.71,201.71
1382563680,NaN,NaN,NaN,NaN
1382563740,NaN,NaN,NaN,NaN
1382563800,NaN,NaN,NaN,NaN
1382563860,201.72,202.29,201.65,202.29
1382563920,202.17,202.29,201.73,201.73
1382563980,201.74,202.17,201.74,202.17
1382564040,202.3,202.3,202.3,202.3
1382564100,201.77,201.77,201.77,201.77
1382564160,201.77,201.77,201.75,201.75
1382564220,201.75,201.75,201.75,201.75
1382564280,201.75,201.75,201.75,201.75
1382564340,201.75,201.75,201.75,201.75
1382564400,201.75,201.75,201.75,201.75
1382564460,201.74,201.75,201.56,201.75
1382564520,201.75,201.76,201.75,201.76
1382564580,201.76,201.76,201.76,201.76
1382564640,201.76,201.76,201.75,201.75
1382564700,201.75,201.75,201.59,201.59
1382564760,201.59,201.59,201.59,201.59
1382564820,201.59,201.59,201.59,201.59
1382564880,201.59,201.59,201.33,201.59
1382564940,201.59,201.75,201.04,201.04
1382565000,201.03,201.75,200.57,201.75
1382565060,201.75,201.75,201.75,201.75
1382565120,201.75,201.76,201.75,201.76
1382565180,201.75,201.75,201.52,201.52
1382565240,201.75,201.76,201.53,201.76
1382565300,201.75,201.75,201.53,201.53
1382565360,201.53,201.76,201.53,201.76
1382565420,201.76,201.76,201.76,201.76
1382565480,201.76,201.76,201.53,201.76
1382565540,201.53,201.76,201.53,201.76
1382565600,201.76,201.76,201.76,201.76
1382565660,201.76,201.76,201.53,201.76
1382565720,201.76,201.97,201.76,201.97
1382565780,201.97,201.97,201.97,201.97
1382565840,201.76,202,201.76,202
1382565900,201.53,202.3,201.53,202.3
1382565960,201.97,202.3,201.97,202.3
1382566020,202.3,202.3,201.91,201.91
1382566080,201.91,202.3,201.91,202.3
1382566140,202.3,202.3,201.91,202.3
1382566200,NaN,NaN,NaN,NaN
1382566260,NaN,NaN,NaN,NaN
1382566320,202.3,202.3,202.3,202.3
1382566380,201.92,201.92,201.92,201.92
1382566440,202.3,202.6,202.3,202.6
1382566500,202.6,202.63,202.6,202.63
1382566560,202.63,202.64,202.63,202.64
1382566620,202.64,202.66,202.64,202.66
1382566680,202.65,202.66,202.6,202.66
1382566740,202.66,202.66,202.65,202.65
1382566800,202.66,202.69,202.66,202.69
1382566860,202.76,202.76,202.76,202.76
1382566920,202.66,202.66,202.6,202.6
1382566980,202.66,202.66,202.6,202.66
1382567040,202.76,202.9,202.76,202.9
1382567100,202.9,202.9,202.9,202.9
1382567160,202.94,202.94,202.94,202.94
1382567220,202.94,202.97,202.94,202.97
1382567280,202.97,202.98,202.94,202.94
1382567340,202.94,202.94,202.9,202.9
1382567400,202.94,202.98,202.02,202.9
1382567460,202.9,202.97,202.9,202.97
1382567520,202.97,202.97,202.9,202.9
1382567580,202.97,202.97,202.97,202.97
1382567640,202.97,202.98,202.97,202.98
1382567700,202.98,202.98,202.9,202.9
1382567760,202.9,202.98,202.9,202.98
1382567820,202.98,202.98,202.98,202.98
1382567880,202.98,202.98,202.9,202.9
1382567940,202.9,202.9,202.9,202.9
1382568000,202.98,202.98,202.98,202.98
1382568060,202.9,202.9,202.9,202.9
1382568120,NaN,NaN,NaN,NaN
1382568180,202.98,202.98,202.96,202.96
1382568240,NaN,NaN,NaN,NaN
1382568300,202.98,202.98,202.98,202.98
1382568360,NaN,NaN,NaN,NaN
1382568420,202.98,202.98,202.96,202.98
1382568480,202.97,202.98,202.9,202.98
1382568540,202.9,202.98,202.9,202.98
1382568600,202.21,202.98,202.2,202.65
1382568660,202.65,202.97,202.65,202.97
1382568720,202.97,202.97,202.65,202.65
1382568780,202.5,202.5,202.5,202.5
1382568840,202.5,202.5,202.5,202.5
1382568900,202.5,202.5,202.5,202.5
1382568960,202.69,202.97,202.69,202.97
1382569020,202.97,202.98,202.97,202.98
1382569080,202.98,202.99,202.98,202.99
1382569140,202.99,203,202.98,203
1382569200,202.98,202.98,202.98,202.98
1382569260,NaN,NaN,NaN,NaN
1382569320,202.98,202.98,202.97,202.97
1382569380,NaN,NaN,NaN,NaN
1382569440,202.97,203,202.97,203
1382569500,203,203,203,203
1382569560,203,203,203,203
1382569620,203.01,203.01,203,203.01
1382569680,203,203,203,203
1382569740,203.01,203.01,203.01,203.01
1382569800,203,203,203,203
1382569860,203,203,203,203
1382569920,202.19,202.19,202.1,202.1
1382569980,202.1,202.1,202,202
1382570040,202,202,202,202
1382570100,202.1,202.1,202,202.1
1382570160,202,202.63,201.92,202.63
1382570220,202.64,202.64,202.64,202.64
1382570280,202.88,202.88,202.88,202.88
1382570340,NaN,NaN,NaN,NaN
1382570400,202.99,203.34,202.99,203.34
1382570460,203.34,203.34,202.64,202.64
1382570520,203.08,203.4,202.64,202.64
1382570580,203.4,203.4,203.4,203.4
1382570640,203.4,203.4,203.4,203.4
1382570700,203.41,203.5,203.41,203.41
1382570760,203.41,203.41,203.41,203.41
1382570820,202.64,203.08,202.35,203.08
1382570880,203.08,203.08,203.08,203.08
1382570940,203.41,203.5,203.09,203.09
1382571000,203.1,203.1,203.1,203.1
1382571060,NaN,NaN,NaN,NaN
1382571120,203.49,203.5,203.11,203.5
1382571180,203.5,203.5,203.5,203.5
1382571240,203.5,203.5,203.5,203.5
1382571300,NaN,NaN,NaN,NaN
1382571360,203.11,203.5,203.11,203.5
1382571420,203.49,203.49,203.49,203.49
1382571480,203.5,203.55,203.5,203.55
1382571540,203.59,203.65,203.59,203.65
1382571600,203.65,203.65,203.64,203.64
1382571660,203.64,203.69,203.64,203.69
1382571720,203.69,203.69,203.69,203.69
1382571780,203.55,203.69,203.55,203.69
1382571840,203.69,203.7,203.69,203.7
1382571900,203.7,203.7,203.7,203.7
1382571960,203.7,203.7,203.7,203.7
1382572020,203.68,203.68,203.68,203.68
1382572080,203.68,203.68,203.68,203.68
1382572140,203.68,203.68,203.68,203.68
1382572200,203.68,203.68,203.67,203.68
1382572260,203.68,203.69,203.1,203.69
1382572320,203.69,203.7,203.11,203.7
1382572380,203.7,203.7,203.7,203.7
1382572440,203.7,203.7,203.12,203.7
1382572500,203.7,203.7,203.7,203.7
1382572560,203.7,203.85,203.7,203.85
1382572620,203.85,203.9,203.85,203.9
1382572680,203.89,203.9,202.5,203.9
1382572740,203.9,203.96,203.9,203.96
1382572800,203.94,203.94,203.94,203.94
1382572860,NaN,NaN,NaN,NaN
1382572920,NaN,NaN,NaN,NaN
1382572980,NaN,NaN,NaN,NaN
1382573040,NaN,NaN,NaN,NaN
1382573100,203.94,203.97,203.94,203.97
1382573160,203.97,203.97,203.88,203.88
1382573220,203.97,203.97,203.87,203.97
1382573280,203.97,203.97,203.97,203.97
1382573340,203.97,203.97,203.97,203.97
1382573400,203.97,203.99,203.97,203.99
1382573460,203.99,203.99,203.99,203.99
1382573520,203.99,204,203.99,204
1382573580,204,204,204,204
1382573640,204,204,204,204
1382573700,204,204,204,204
1382573760,204,204,203.36,203.36
1382573820,203.36,204,203.36,204
1382573880,204,204.03,204,204.03
1382573940,204.03,204.27,204.03,204.27
1382574000,204.27,204.37,204.27,204.37
1382574060,204.37,204.41,204.37,204.41
1382574120,204.41,204.47,204.41,204.47
1382574180,204.47,204.49,204.47,204.49
1382574240,204.49,204.49,204.49,204.49
1382574300,204.49,204.57,204.49,204.57
1382574360,204.57,204.61,204.57,204.61
1382574420,204.61,204.62,204.61,204.62
1382574480,204.62,204.64,204.54,204.54
1382574540,204.54,204.54,204.49,204.49
1382574600,204.49,204.54,203.82,204.54
1382574660,204.54,204.54,204.54,204.54
1382574720,204.54,204.54,204.54,204.54
1382574780,204.54,204.54,204.54,204.54
1382574840,204.54,204.54,204.54,204.54
1382574900,204.54,204.54,204.54,204.54
1382574960,204.54,204.54,204.44,204.54
1382575020,204.44,204.44,204.44,204.44
1382575080,204.44,204.44,204.44,204.44
1382575140,204.44,204.44,204.44,204.44
1382575200,204.44,204.44,204.44,204.44
1382575260,204.44,204.44,204.44,204.44
1382575320,204.44,204.44,204.44,204.44
1382575380,204.44,204.44,204.44,204.44
1382575440,204.44,204.44,204.44,204.44
1382575500,204.44,204.44,204.44,204.44
1382575560,204.44,204.54,204.44,204.54
1382575620,204.64,204.7,204.45,204.45
1382575680,204.45,204.71,204.45,204.71
1382575740,204.71,204.71,204.45,204.45
1382575800,204.45,204.45,204.45,204.45
1382575860,204.45,204.7,204.45,204.7
1382575920,204.45,204.7,204.45,204.7
1382575980,204.45,204.7,204.45,204.45
1382576040,204.45,204.45,204.45,204.45
1382576100,204.45,204.7,204.45,204.7
1382576160,204.7,204.7,204.44,204.44
1382576220,204.44,204.44,204.44,204.44
1382576280,204.44,204.44,204.39,204.39
1382576340,204.39,204.39,204.39,204.39
1382576400,204.39,204.4,204.39,204.4
1382576460,204.4,204.4,204.4,204.4
1382576520,204.4,204.4,204.4,204.4
1382576580,204.39,204.4,204.39,204.4
1382576640,204.4,204.4,204.39,204.4
1382576700,204.4,204.7,204.4,204.7
1382576760,204.7,204.71,204.4,204.42
1382576820,204.43,204.43,204.42,204.43
1382576880,204.46,204.46,204.42,204.42
1382576940,204.45,204.45,204.45,204.45
1382577000,204.69,204.73,204.69,204.73
1382577060,204.73,204.73,204.73,204.73
1382577120,204.73,204.73,204.45,204.45
1382577180,204.73,204.73,204.73,204.73
1382577240,204.73,204.73,204.73,204.73
1382577300,204.73,204.73,204.73,204.73
1382577360,204.71,204.73,204.71,204.73
1382577420,204.73,204.73,204.73,204.73
1382577480,204.74,204.78,204.74,204.78
1382577540,204.8,204.8,204.78,204.78
1382577600,204.8,204.8,204.8,204.8
1382577660,204.8,204.8,204.8,204.8
1382577720,204.8,204.8,204.78,204.8
1382577780,204.8,204.8,204.8,204.8
1382577840,204.8,204.81,204.8,204.81
1382577900,204.81,204.84,204.81,204.84
1382577960,204.84,204.95,204.84,204.95
1382578020,204.95,204.95,204.81,204.81
1382578080,204.95,204.95,204.95,204.95
1382578140,204.95,204.96,204.95,204.96
1382578200,204.96,204.96,204.96,204.96
1382578260,204.96,204.96,204.96,204.96
1382578320,204.96,204.96,204.81,204.81
1382578380,NaN,NaN,NaN,NaN
1382578440,204.95,204.95,204.95,204.95
1382578500,204.96,204.96,204.96,204.96
1382578560,204.96,204.96,204.96,204.96
1382578620,204.96,204.96,204.96,204.96
1382578680,204.96,204.96,204.96,204.96
1382578740,NaN,NaN,NaN,NaN
1382578800,204.96,204.96,204.96,204.96
1382578860,204.96,204.96,204.96,204.96
1382578920,NaN,NaN,NaN,NaN
1382578980,204.96,204.96,204.96,204.96
1382579040,204.96,204.96,204.96,204.96
1382579100,204.96,204.96,204.96,204.96
1382579160,204.96,204.96,204.96,204.96
1382579220,204.96,204.96,204.96,204.96
1382579280,204.96,204.96,204.96,204.96
1382579340,204.96,204.96,204.96,204.96
1382579400,204.96,204.96,204.96,204.96
1382579460,NaN,NaN,NaN,NaN
1382579520,204.96,204.96,204.96,204.96
1382579580,204.96,204.96,204.96,204.96
1382579640,204.96,204.96,204.96,204.96
1382579700,204.96,204.96,204.73,204.96
1382579760,204.96,204.96,204.96,204.96
1382579820,204.96,204.96,204.96,204.96
1382579880,204.96,204.96,204.96,204.96
1382579940,204.96,204.96,204.96,204.96
1382580000,204.96,204.97,204.74,204.97
1382580060,204.74,204.74,204.73,204.74
1382580120,NaN,NaN,NaN,NaN
1382580180,204.7,204.7,204.7,204.7
1382580240,NaN,NaN,NaN,NaN
1382580300,NaN,NaN,NaN,NaN
1382580360,204.7,204.7,204.7,204.7
1382580420,204.7,204.74,204.7,204.74
1382580480,NaN,NaN,NaN,NaN
1382580540,204.55,204.55,204.55,204.55
1382580600,NaN,NaN,NaN,NaN
1382580660,204.55,204.89,204.55,204.74
1382580720,204.74,204.74,204.74,204.74
1382580780,204.74,204.74,204.74,204.74
1382580840,204.74,204.9,204.74,204.9
1382580900,204.92,204.92,204.92,204.92
1382580960,204.92,204.92,204.9,204.92
1382581020,204.92,204.97,204.92,204.97
1382581080,204.97,204.97,204.97,204.97
1382581140,204.97,204.97,204.97,204.97
1382581200,204.97,204.97,204.97,204.97
1382581260,204.97,204.97,204.97,204.97
1382581320,204.97,204.97,204.97,204.97
1382581380,204.97,204.97,204.97,204.97
1382581440,204.97,204.97,204.97,204.97
1382581500,204.97,204.97,204.92,204.92
1382581560,204.97,204.97,204.97,204.97
1382581620,204.97,204.97,204.97,204.97
1382581680,204.97,204.98,204.97,204.98
1382581740,NaN,NaN,NaN,NaN
1382581800,204.99,205,204.99,205
1382581860,205,205,205,205
1382581920,205,205,205,205
1382581980,205,205,204.97,205
1382582040,205,205,205,205
1382582100,205,205,205,205
1382582160,205,205,204.99,205
1382582220,205,205,205,205
1382582280,205,205,205,205
1382582340,205,205,205,205
1382582400,205,205,204.67,205
1382582460,NaN,NaN,NaN,NaN
1382582520,205,205,205,205
1382582580,205,205,205,205
1382582640,205,205,204.63,205
1382582700,205,205,204.99,205
1382582760,205,205,205,205
1382582820,205,205,205,205
1382582880,205,205,205,205
1382582940,204.78,205,204.78,205
1382583000,205,205,205,205
1382583060,205,205,204.79,204.79
1382583120,204.77,205,204.77,205
1382583180,205,205,204.7,204.7
1382583240,204.7,205,204.7,205
1382583300,205,205,204.5,204.5
1382583360,204.51,204.51,204.51,204.51
1382583420,204.81,205,204.81,205
1382583480,NaN,NaN,NaN,NaN
1382583540,205,205,205,205
1382583600,NaN,NaN,NaN,NaN
1382583660,205,205,205,205
1382583720,205,205,205,205
1382583780,205,205,205,205
1382583840,205,205,205,205
1382583900,205,205,205,205
1382583960,205,205,205,205
1382584020,205,205,205,205
1382584080,NaN,NaN,NaN,NaN
1382584140,NaN,NaN,NaN,NaN
1382584200,204.9,204.9,204.9,204.9
1382584260,204.51,204.9,204.5,204.9
1382584320,204.88,204.88,204.88,204.88
1382584380,204.88,204.88,204.88,204.88
1382584440,204.88,204.88,204.88,204.88
1382584500,204.88,204.88,204.88,204.88
1382584560,204.88,204.88,204.88,204.88
1382584620,204.88,204.88,204.88,204.88
1382584680,204.88,204.88,204.88,204.88
1382584740,204.88,204.88,204.88,204.88
1382584800,204.88,204.9,204.88,204.9
1382584860,NaN,NaN,NaN,NaN
1382584920,NaN,NaN,NaN,NaN
1382584980,NaN,NaN,NaN,NaN
1382585040,NaN,NaN,NaN,NaN
1382585100,NaN,NaN,NaN,NaN
1382585160,NaN,NaN,NaN,NaN
1382585220,204.9,204.9,204.9,204.9
1382585280,204.9,204.9,204.9,204.9
1382585340,NaN,NaN,NaN,NaN
1382585400,NaN,NaN,NaN,NaN
1382585460,204.57,204.57,204.57,204.57
1382585520,204.89,204.9,204.89,204.9
1382585580,204.9,204.9,204.9,204.9
1382585640,204.9,204.9,204.9,204.9
1382585700,204.95,205,204.95,205
1382585760,205,205,204.99,205
1382585820,205,205,205,205
1382585880,205,205,205,205
1382585940,205,205,205,205
1382586000,205,205.11,205,205.11
1382586060,205.11,205.11,205.11,205.11
1382586120,205.11,205.11,205.11,205.11
1382586180,205.11,205.11,205.11,205.11
1382586240,205.11,205.11,205.11,205.11
1382586300,204.9,205.17,204.89,204.89
1382586360,205.17,205.17,204.89,204.89
1382586420,205.15,205.15,204.55,204.55
1382586480,204.54,204.55,204.54,204.55
1382586540,204.56,204.56,204.54,204.54
1382586600,204.98,204.98,204.98,204.98
1382586660,204.98,204.98,204.98,204.98
1382586720,204.98,204.98,204.98,204.98
1382586780,204.48,204.48,204.46,204.46
1382586840,204.46,204.91,204.46,204.91
1382586900,204.91,204.91,204.91,204.91
1382586960,204.91,204.91,204.91,204.91
1382587020,NaN,NaN,NaN,NaN
1382587080,204.91,204.91,204.91,204.91
1382587140,NaN,NaN,NaN,NaN
1382587200,NaN,NaN,NaN,NaN
1382587260,204.46,204.46,204.46,204.46
1382587320,204.55,204.9,204.55,204.9
1382587380,204.9,205.28,204.9,205.28
1382587440,205.28,205.29,205.28,205.29
1382587500,205.04,205.34,205.03,205.03
1382587560,205.03,205.33,205.03,205.33
1382587620,NaN,NaN,NaN,NaN
1382587680,NaN,NaN,NaN,NaN
1382587740,204.91,205.32,204.91,205.32
1382587800,205.32,205.32,205.32,205.32
1382587860,204.79,204.79,204.79,204.79
1382587920,204.79,204.79,204.79,204.79
1382587980,204.79,205.2,204.46,205.2
1382588040,204.89,204.89,204.46,204.46
1382588100,204.46,204.46,204.46,204.46
1382588160,204.46,204.46,204.45,204.46
1382588220,204.46,204.46,204.46,204.46
1382588280,204.46,204.88,204.45,204.45
1382588340,204.9,204.9,204.9,204.9
1382588400,NaN,NaN,NaN,NaN
1382588460,NaN,NaN,NaN,NaN
1382588520,204.46,204.46,204.46,204.46
1382588580,NaN,NaN,NaN,NaN
1382588640,204.46,204.46,204.46,204.46
1382588700,NaN,NaN,NaN,NaN
1382588760,NaN,NaN,NaN,NaN
1382588820,204.45,204.45,204.45,204.45
1382588880,204.46,204.46,204.46,204.46
1382588940,204.9,204.9,204.9,204.9
1382589000,NaN,NaN,NaN,NaN
1382589060,204.54,204.54,204.54,204.54
1382589120,204.53,204.53,204.53,204.53
1382589180,NaN,NaN,NaN,NaN
1382589240,204.9,204.9,204.54,204.54
1382589300,204.9,204.9,204.9,204.9
1382589360,204.9,204.9,204.9,204.9
1382589420,204.9,204.9,204.9,204.9
1382589480,204.9,204.9,204.9,204.9
1382589540,NaN,NaN,NaN,NaN
1382589600,204.9,204.9,204.9,204.9
1382589660,NaN,NaN,NaN,NaN
1382589720,NaN,NaN,NaN,NaN
1382589780,NaN,NaN,NaN,NaN
1382589840,NaN,NaN,NaN,NaN
1382589900,NaN,NaN,NaN,NaN
1382589960,204.7,204.7,204.6,204.6
1382590020,NaN,NaN,NaN,NaN
1382590080,204.63,205.27,204.45,204.45
1382590140,204.9,205.27,204.9,205.27
1382590200,NaN,NaN,NaN,NaN
1382590260,205.27,205.44,205.27,205.27
1382590320,205.34,205.34,205.34,205.34
1382590380,NaN,NaN,NaN,NaN
1382590440,NaN,NaN,NaN,NaN
1382590500,205.41,205.41,204.14,204.14
1382590560,204.14,204.14,204.14,204.14
1382590620,204.13,204.13,204,204
1382590680,204.14,204.59,204.14,204.59
1382590740,204.17,204.59,204,204.59
1382590800,204.61,204.61,204.61,204.61
1382590860,204.81,204.81,204.81,204.81
1382590920,NaN,NaN,NaN,NaN
1382590980,205.16,205.25,205.15,205.15
1382591040,205.15,205.26,205.15,205.26
1382591100,204.82,204.82,204.82,204.82
1382591160,204.82,204.82,204.62,204.62
1382591220,NaN,NaN,NaN,NaN
1382591280,204.62,204.62,204.62,204.62
1382591340,204.62,204.62,204.62,204.62
1382591400,205,205,205,205
1382591460,NaN,NaN,NaN,NaN
1382591520,204.8,204.8,204.8,204.8
1382591580,204.5,204.5,204,204
1382591640,204,204,204,204
1382591700,204,204,203.99,203.99
1382591760,203.99,204,203.51,203.51
1382591820,203.51,203.51,200,200
1382591880,200,200,198.2,198.2
1382591940,198.2,200,197.03,197.03
1382592000,197.01,198.69,195.42,195.42
1382592060,195.42,197.5,194,194
1382592120,194,194.99,192.34,192.34
1382592180,192.34,192.34,190,190
1382592240,190,190,187.16,187.16
1382592300,187.08,191.2,184.51,184.51
1382592360,184.5,184.5,184,184
1382592420,183.99,183.99,181,181
1382592480,180.9,180.9,179.46,179.46
1382592540,181.64,182.1,178.57,178.57
1382592600,178.57,178.57,176.19,176.19
1382592660,176.19,178,175.23,175.23
1382592720,175.23,180.3,175.08,176
1382592780,175.53,175.53,175,175.53
1382592840,175.51,175.53,171.7,175.53
1382592900,175.53,182.1,172.38,172.38
1382592960,172.38,193.8,172.38,185.53
1382593020,184.31,195,184.31,186.87
1382593080,190,191,186.87,186.87
1382593140,190,190.85,188,190
1382593200,188.05,188.15,186,186
1382593260,186.49,186.57,185,186
1382593320,185.03,186,185,185
1382593380,185.5,187,185,187
1382593440,187.01,188.01,187,187.88
1382593500,188,191,187.88,190
1382593560,190.98,191,190,191
1382593620,190.99,192,190.5,192
1382593680,191,193,191,193
1382593740,193,195,192.46,193.97
1382593800,195,197.4,193.97,197.4
1382593860,195,197.39,195,197.39
1382593920,195.78,197.2,192.46,194.05
1382593980,192.47,194.05,192.47,193.01
1382594040,193,194.05,192.46,194.04
1382594100,194.04,195.01,194,194.05
1382594160,194.1,195.99,194.01,195.99
1382594220,194.12,196.99,194.01,194.01
1382594280,194.13,194.13,193.02,194.01
1382594340,193.1,194.56,193.1,194.56
1382594400,194,194,193.5,194
1382594460,194.01,194.57,194,194
1382594520,194.56,194.56,194,194.01
1382594580,194.3,194.3,194.3,194.3
1382594640,194.3,194.45,194,194
1382594700,194.3,195.13,194.26,195.13
1382594760,195.26,195.29,195.26,195.29
1382594820,195.35,195.36,195.13,195.13
1382594880,195.13,195.3,194.25,194.25
1382594940,194.25,195,194.25,194.25
1382595000,195,195.47,194.25,195.47
1382595060,195.47,195.47,195.47,195.47
1382595120,195.47,195.47,194.33,194.36
1382595180,194.36,196.16,194.26,194.26
1382595240,194.34,196.15,194.34,194.78
1382595300,196.13,196.13,194.25,194.25
1382595360,194.73,196.14,194.29,195.99
1382595420,195,196.16,195,196.01
1382595480,196.16,196.3,196,196
1382595540,196.01,196.01,196,196
1382595600,196,196.96,196,196
1382595660,196,196.01,195.34,195.34
1382595720,195.99,195.99,195.35,195.35
1382595780,195.84,195.84,195.84,195.84
1382595840,195.44,195.45,195.44,195.44
1382595900,195.45,195.45,195.45,195.45
1382595960,195.45,195.45,194.68,194.68
1382596020,194.68,194.8,194.25,194.8
1382596080,194.75,194.8,194.75,194.8
1382596140,194.8,195.48,194,194
1382596200,194.74,194.74,194.74,194.74
1382596260,194.19,194.19,193.91,193.91
1382596320,193.89,193.9,193.49,193.49
1382596380,193.89,193.9,186.68,186.68
1382596440,190,190,186.37,186.77
1382596500,186.62,186.77,186.1,186.35
1382596560,186.1,186.37,186,186.1
1382596620,186.01,186.35,186,186.35
1382596680,186.37,189.99,186.01,188.99
1382596740,188.99,188.99,186.3,188.97
1382596800,187.05,187.05,186.85,187
1382596860,186.5,188.42,186.01,187
1382596920,187.01,187.01,187.01,187.01
1382596980,187.01,189,187.01,189
1382597040,187.93,189.99,187.93,189.99
1382597100,189.97,191,189.96,191
1382597160,190,190,188.25,188.25
1382597220,188.25,191,188.25,191
1382597280,189.98,191,189.96,189.97
1382597340,189.97,189.97,189.96,189.97
1382597400,189.97,189.97,189.96,189.96
1382597460,189.96,189.97,189.96,189.96
1382597520,189.02,189.89,189.02,189.89
1382597580,189.1,189.11,189.1,189.11
1382597640,189.11,189.11,189.11,189.11
1382597700,NaN,NaN,NaN,NaN
1382597760,189.12,189.13,189.01,189.01
1382597820,188.76,190,188.73,188.73
1382597880,188.73,188.95,188.56,188.95
1382597940,189,189,188.95,188.95
1382598000,188.95,188.95,188.95,188.95
1382598060,188.95,188.95,188,188
1382598120,188,188.28,186.23,186.23
1382598180,187.25,187.25,187.25,187.25
1382598240,187.99,188,186.23,186.25
1382598300,186.24,186.26,186.24,186.26
1382598360,187,187,182.1,185.43
1382598420,185.42,186.25,182,182
1382598480,182.11,186,182.11,186
1382598540,182.51,186,182.5,186
1382598600,185.74,186,182.3,183.2
1382598660,183.2,183.2,182,183.2
1382598720,181.6,182,181,181
1382598780,181.21,182,180,180
1382598840,180.14,180.19,178.01,178.01
1382598900,178.14,178.14,175,175
1382598960,175,175,170.61,171.46
1382599020,170.62,171.15,170.06,170.06
1382599080,170.03,170.03,169.01,169.01
1382599140,169,169,166,166
1382599200,166,166,165,165
1382599260,165,175.99,165,168
1382599320,168.51,176,168.51,176
1382599380,175.97,175.99,170.15,175.99
1382599440,175.92,176,174,174
1382599500,174,176,170.15,176
1382599560,175.27,175.27,171.45,173
1382599620,173,180,173,175
1382599680,177.61,177.61,173,175.92
1382599740,174.42,175,174,174
1382599800,174.99,177,174.99,174.99
1382599860,174.12,177.61,174.01,174.99
1382599920,176.2,178,174.01,176.33
1382599980,175.91,175.91,174.01,175
1382600040,175.45,176,175,176
1382600100,176,176,175,175.9
1382600160,175.86,175.9,175,175
1382600220,175,175.95,175,175.09
1382600280,175.01,175.09,175,175
1382600340,174.96,175,174.84,174.84
1382600400,174.55,174.84,174,174.5
1382600460,174,174.5,172.21,173.21
1382600520,172.21,174.5,172,172
1382600580,172.21,173.99,172.21,172.22
1382600640,172.22,173.2,172,172
1382600700,173.19,173.19,171.18,171.18
1382600760,171.99,172,170.27,170.5
1382600820,170.29,171.98,170,170
1382600880,169.56,170.27,165,167
1382600940,167,168,164.24,167
1382601000,167,168,162.62,162.62
1382601060,164.24,165,162.1,162.1
1382601120,162.05,163.1,162,162.62
1382601180,162.9,168,162.9,164.1
1382601240,163.1,167,163.1,166.97
1382601300,166.97,167,166.97,166.97
1382601360,166.97,167.01,163.2,163.2
1382601420,163.2,163.21,163.1,163.1
1382601480,165,166,162.55,162.55
1382601540,162.23,162.23,161.49,161.49
1382601600,161.5,161.5,161.27,161.27
1382601660,161.2,161.5,161,161
1382601720,161.2,162,160.53,160.53
1382601780,160.5,161,160.04,160.04
1382601840,160.04,161.01,160,160
1382601900,160,160,160,160
1382601960,160,161.2,159,161.2
1382602020,161.11,161.11,156.2,159.26
1382602080,159.5,169.06,159.5,169.06
1382602140,166.97,169.06,166.95,168
1382602200,168.99,169.06,167,168
1382602260,168,169.06,167.99,168
1382602320,168,170,168,170
1382602380,169.1,170.17,169.06,170.17
1382602440,169.95,171,169.95,171
1382602500,170.4,171.97,170.4,171.97
1382602560,172.46,175,172.46,174.5
1382602620,175,179.77,174.52,175.1
1382602680,175,179.77,174.75,179
1382602740,179,179.9,179,179.9
1382602800,179.77,182.3,178.99,181.66
1382602860,182.3,186,182.3,185.39
1382602920,186,188.72,182,186.01
1382602980,186.01,188.72,186.01,187.37
1382603040,187.1,187.1,186,186
1382603100,186,187.77,185.78,185.78
1382603160,185.77,188.96,185.45,185.45
1382603220,185.97,186.7,182,182
1382603280,182,187,180.02,180.02
1382603340,180.01,180.01,172.5,176.19
1382603400,175,177.53,172.51,173.01
1382603460,176.01,176.01,173.01,175
1382603520,174,176.19,174,176.19
1382603580,175,176,173.02,173.02
1382603640,176,176,173.02,175
1382603700,174.01,174.99,173.31,174.02
1382603760,174.02,174.02,173.1,174
1382603820,174,178.02,174,178.02
1382603880,176.24,179.25,176.24,179
1382603940,178,181.98,178,180
1382604000,180,182,180,180.08
1382604060,180,182.19,180,182
1382604120,182,182.19,181,182.19
1382604180,182,182.18,180,180
1382604240,181.75,181.81,180,181.75
1382604300,180.03,180.89,179.99,180
1382604360,179.93,181,179.03,179.03
1382604420,179.03,179.03,178.97,178.97
1382604480,178.95,179,178.95,179
1382604540,179.02,179.99,179.01,179.78
1382604600,179.26,179.78,179.26,179.77
1382604660,179.11,179.99,179.11,179.99
1382604720,179.78,180,179.77,180
1382604780,180,182.11,179.88,182.11
1382604840,181.9,184.96,180,182.19
1382604900,184,185,182.2,182.21
1382604960,182.22,182.85,182.21,182.85
1382605020,182.85,184.99,182.85,184.99
1382605080,184.61,185,183.97,185
1382605140,185,186,185,186
1382605200,186.5,186.5,182.69,185.99
1382605260,186.25,186.25,185,185.53
1382605320,185.2,185.2,185,185
1382605380,185,185.3,185,185
1382605440,185.2,185.9,185.2,185.9
1382605500,185.8,186.49,185.6,186.49
1382605560,186.5,186.5,185.9,186.5
1382605620,186.52,187.14,186.5,187.14
1382605680,187.19,187.83,186.64,187.83
1382605740,187.79,187.98,187.79,187.97
1382605800,187.97,187.98,187,187.97
1382605860,187.97,188,186,187.67
1382605920,187.67,187.67,186.01,186.01
1382605980,187.3,187.5,187.3,187.5
1382606040,187.5,187.5,182.66,185
1382606100,185,186.04,182.01,182.01
1382606160,182,186.04,182,184.86
1382606220,184.99,186.03,183.07,183.07
1382606280,185.8,185.8,182.5,183.51
1382606340,183.06,183.7,183.06,183.7
1382606400,184.45,184.45,184.32,184.32
1382606460,183.81,185.95,182.2,184.5
1382606520,185.95,185.99,183.67,185.98
1382606580,185.94,185.94,183.67,183.67
1382606640,183.68,185.94,183.68,185.94
1382606700,184.6,184.6,184.59,184.6
1382606760,183.69,183.69,183.69,183.69
1382606820,183.69,185.94,183.69,185.94
1382606880,185.83,185.96,185.7,185.7
1382606940,183.84,185.7,183.14,183.14
1382607000,183.1,183.76,182,183.7
1382607060,183.51,183.68,183,183.68
1382607120,183.68,183.76,183.68,183.68
1382607180,183.68,183.68,183.68,183.68
1382607240,183.76,183.76,183.53,183.53
1382607300,183.7,183.7,183.53,183.7
1382607360,183.53,183.53,183.53,183.53
1382607420,183.7,183.7,183.53,183.53
1382607480,183.26,183.26,183,183
1382607540,183.01,183.53,183.01,183.53
1382607600,183.53,184.54,182.8,184.54
1382607660,183,183,181.86,181.86
1382607720,181.78,182.51,181.2,182.51
1382607780,182.51,182.51,180.23,180.23
1382607840,180.24,182,180.12,181.99
1382607900,182,182,180,182
1382607960,180.03,180.5,179.76,180.5
1382608020,180.5,182,180.5,180.5
1382608080,180.5,180.5,178.11,178.11
1382608140,179.3,179.96,179,179
1382608200,178.5,180,178.5,180
1382608260,180,180,179,180
1382608320,180,182,180,182
1382608380,181.99,181.99,180,181
1382608440,181,181,181,181
1382608500,181,181.41,181,181.41
1382608560,181.42,183,181.41,181.42
1382608620,183,183.97,183,183.97
1382608680,184.19,185.9,181.41,184
1382608740,184.09,185,184,184
1382608800,184.09,185.5,184.09,185.5
1382608860,185.49,185.49,185.49,185.49
1382608920,184,184,184,184
1382608980,183.82,184,181.78,181.78
1382609040,181.78,181.78,181.44,181.78
1382609100,181.78,182,181.78,182
1382609160,181.99,182.51,181.99,182.51
1382609220,182.51,182.91,182.51,182.91
1382609280,183,183,182.51,182.9
1382609340,182.89,182.9,182.51,182.51
1382609400,182.91,184.34,182,182
1382609460,184.09,184.33,184.09,184.33
1382609520,184.34,184.34,184.09,184.09
1382609580,184.09,184.34,184.09,184.34
1382609640,184.3,184.3,184.08,184.08
1382609700,184,184,182.5,182.5
1382609760,183.98,183.98,183.98,183.98
1382609820,182.52,182.52,182.52,182.52
1382609880,183.79,183.79,182.5,183.59
1382609940,183.78,183.78,183.78,183.78
1382610000,182.92,183.75,182.92,183.74
1382610060,182.92,183.74,182.92,183.74
1382610120,182.92,183.74,182.92,183.74
1382610180,182.92,182.92,182.41,182.76
1382610240,182.41,182.41,182.33,182.33
1382610300,182.33,182.76,182.33,182.76
1382610360,182.77,183.22,182.77,183.22
1382610420,183.22,183.79,183.22,183.79
1382610480,183.22,183.22,182.76,183.22
1382610540,183.75,183.75,181.2,181.2
1382610600,181.2,181.2,180.77,181.2
1382610660,183.38,183.73,183.12,183.12
1382610720,183,183,181,182.98
1382610780,182.97,182.97,182.97,182.97
1382610840,182,182.46,181.08,182.46
1382610900,NaN,NaN,NaN,NaN
1382610960,182,182,181,181.98
1382611020,181.85,181.85,181.85,181.85
1382611080,181.7,181.7,181.7,181.7
1382611140,181.65,181.65,181,181.64
1382611200,181.64,181.76,181.47,181.76
1382611260,181.01,181.63,181.01,181.63
1382611320,181.5,181.5,181.49,181.49
1382611380,181.02,181.02,181.02,181.02
1382611440,181.02,181.02,181,181.02
1382611500,181.62,181.63,181.62,181.63
1382611560,181.24,181.3,181,181
1382611620,181.3,181.62,181.3,181.62
1382611680,181.62,181.62,181.62,181.62
1382611740,181.01,181.63,181.01,181.63
1382611800,181.63,181.76,181.63,181.76
1382611860,181.76,182,181.76,182
1382611920,182.01,182.01,182.01,182.01
1382611980,182.04,182.04,182.04,182.04
1382612040,182.06,185.9,182.06,185
1382612100,185,185.99,184.51,185.99
1382612160,184.99,186.1,184.99,185
1382612220,185.91,190,185,190
1382612280,190,195.51,190,195.51
1382612340,195.64,199.8,195.64,199.8
1382612400,199.8,200.05,199.8,200.05
1382612460,200.13,204.98,200.13,204.98
1382612520,204.99,205.63,204.99,205.63
1382612580,205.63,205.79,205.63,205.79
1382612640,205.8,205.91,205.8,205.91
1382612700,205.91,206.4,205.91,206.4
1382612760,206.52,206.6,185,190
1382612820,191,194.78,190.55,193.94
1382612880,193,193.94,188,190
1382612940,190.75,190.95,187.04,187.05
1382613000,187.05,187.92,187.05,187.92
1382613060,187.92,188.46,187.09,188.46
1382613120,189.65,191.88,189.65,190
1382613180,189.75,190,187,190
1382613240,188.09,188.09,188.08,188.08
1382613300,189.36,190,189.36,189.67
1382613360,189.99,190,189.36,189.98
1382613420,189.6,189.6,189,189
1382613480,188.75,189,188.2,188.21
1382613540,188.21,189,187.77,187.99
1382613600,187.69,187.77,187.69,187.77
1382613660,187.77,187.77,187.2,187.2
1382613720,187.33,189,187.2,188.99
1382613780,188.99,189,187.7,187.7
1382613840,NaN,NaN,NaN,NaN
1382613900,188.9,188.9,188.9,188.9
1382613960,NaN,NaN,NaN,NaN
1382614020,189,189,189,189
1382614080,189,189,189,189
1382614140,188,189,188,189
1382614200,189,189,188.1,188.1
1382614260,188,188,188,188
1382614320,188.1,188.1,187.55,187.55
1382614380,187.55,188.1,187.55,188.1
1382614440,188,188,187.55,187.55
1382614500,187.55,187.55,187.5,187.5
1382614560,187.5,187.5,187.5,187.5
1382614620,187.5,187.5,187.5,187.5
1382614680,188.99,189,188.99,189
1382614740,189,189,189,189
1382614800,189,189,187.5,187.5
1382614860,NaN,NaN,NaN,NaN
1382614920,NaN,NaN,NaN,NaN
1382614980,187.5,187.5,187.5,187.5
1382615040,187.4,187.4,187.4,187.4
1382615100,187.5,187.5,187.5,187.5
1382615160,187.41,187.5,187.4,187.5
1382615220,189,189,189,189
1382615280,189,192.02,187.4,192.02
1382615340,192.1,192.86,192.1,192.8
1382615400,192.8,193.94,192,193.94
1382615460,193,194.77,192.85,192.85
1382615520,193.28,193.28,192,192
1382615580,192.86,194.4,192,192
1382615640,192.67,192.67,192.67,192.67
1382615700,192.65,193.65,190,193.65
1382615760,193.7,194.57,191.37,193.02
1382615820,191.38,193,191.38,193
1382615880,192.96,193.15,191.37,193
1382615940,192.99,193.83,192.64,193.83
1382616000,191.9,193,191,193
1382616060,191.51,192.49,191.51,192.49
1382616120,192.49,195,192.49,193
1382616180,193.28,193.3,193.22,193.3
1382616240,193.31,194.93,193.31,194.93
1382616300,194,194.92,193.31,194.92
1382616360,193.51,193.51,193.51,193.51
1382616420,193.5,194.4,193.31,194.4
1382616480,194.39,194.39,194.39,194.39
1382616540,194.39,194.4,194.39,194.39
1382616600,194.38,194.39,194.38,194.39
1382616660,194.38,194.38,194.38,194.38
1382616720,194.38,194.39,194.38,194.39
1382616780,194.37,194.37,193.42,194.37
1382616840,194.39,194.39,193.99,194.38
1382616900,194.38,194.38,194.38,194.38
1382616960,194.39,194.87,194.39,194.87
1382617020,194.86,194.87,194.86,194.87
1382617080,194.87,194.93,194.87,194.88
1382617140,194.88,194.88,194.87,194.87
1382617200,194.87,194.87,194.4,194.4
1382617260,194.3,194.3,193.93,193.93
1382617320,193.9,193.9,193.65,193.65
1382617380,193.42,193.42,193.32,193.32
1382617440,193.65,193.65,193.65,193.65
1382617500,193.65,193.9,193.65,193.9
1382617560,NaN,NaN,NaN,NaN
1382617620,NaN,NaN,NaN,NaN
1382617680,NaN,NaN,NaN,NaN
1382617740,193.7,193.7,193.65,193.65
1382617800,193.32,193.32,193.32,193.32
1382617860,193.33,193.33,193.33,193.33
1382617920,193.33,193.33,193.32,193.32
1382617980,193.31,193.31,193.31,193.31
1382618040,193.31,193.31,193.25,193.3
1382618100,193.25,193.25,191.26,191.26
1382618160,192.99,192.99,192.99,192.99
1382618220,192.74,192.98,191.22,192.98
1382618280,NaN,NaN,NaN,NaN
1382618340,192.94,192.94,191.99,191.99
1382618400,191.99,191.99,191.22,191.98
1382618460,191.98,191.98,191.98,191.98
1382618520,191.98,191.98,191.98,191.98
1382618580,191.73,191.73,191,191
1382618640,190.9,190.9,190.32,190.32
1382618700,190.32,190.33,190.3,190.3
1382618760,190.32,190.64,190.3,190.31
1382618820,190.5,190.5,190.3,190.3
1382618880,190.31,190.31,190.31,190.31
1382618940,190.31,190.31,190,190
1382619000,190.31,190.31,190,190
1382619060,190,190,190,190
1382619120,NaN,NaN,NaN,NaN
1382619180,189.99,190,189.99,189.99
1382619240,189.99,189.99,189.99,189.99
1382619300,189.82,189.82,189.5,189.5
1382619360,189.36,189.36,189.35,189.35
1382619420,189.36,189.36,189.36,189.36
1382619480,189.45,190,189.45,190
1382619540,190.31,190.38,189.55,189.55
1382619600,190.32,190.61,189.55,190.61
1382619660,190.56,190.95,189.6,190.95
1382619720,191,191.4,189.55,191.4
1382619780,190.31,192.81,190.31,192.81
1382619840,192.82,193,190.31,192.9
1382619900,192.99,193,192.99,192.99
1382619960,192,192.99,191,191
1382620020,192.96,192.96,192.96,192.96
1382620080,192.97,193,191.2,191.21
1382620140,193,193.07,191.2,193.07
1382620200,193.07,193.07,190.18,190.18
1382620260,191.21,192.99,190.19,192.99
1382620320,192.99,193.04,192.5,193.04
1382620380,192.99,193.04,192.99,192.99
1382620440,192.99,193.06,192.99,193.06
1382620500,193.08,193.08,193.08,193.08
1382620560,193.09,194,193.09,194
1382620620,193.1,193.1,193.1,193.1
1382620680,193.86,194,193.1,193.86
1382620740,193.86,193.86,193.1,193.1
1382620800,193.1,193.89,193.1,193.89
1382620860,193.86,193.86,192.91,192.91
1382620920,NaN,NaN,NaN,NaN
1382620980,192.91,192.91,192.91,192.91
1382621040,192.92,193.7,192.92,193.7
1382621100,NaN,NaN,NaN,NaN
1382621160,NaN,NaN,NaN,NaN
1382621220,193.7,193.99,193.7,193.97
1382621280,193.97,193.97,193.97,193.97
1382621340,193.97,193.97,193.97,193.97
1382621400,193.9,193.96,193.9,193.96
1382621460,193.96,193.96,192.51,193
1382621520,193,193.73,193,193.73
1382621580,193.97,194.09,193.96,194.09
1382621640,194.09,194.1,194.09,194.1
1382621700,194.12,194.27,194,194.27
1382621760,194.27,194.4,194.27,194.4
1382621820,194,194.4,194,194.27
1382621880,194.4,194.4,194.4,194.4
1382621940,194.35,194.95,194.35,194.95
1382622000,194.92,194.93,194.06,194.06
1382622060,194.05,194.96,194.05,194.96
1382622120,194.91,194.91,194.5,194.5
1382622180,194.9,194.99,194.9,194.99
1382622240,194.99,194.99,194.99,194.99
1382622300,NaN,NaN,NaN,NaN
1382622360,194.1,194.1,194.03,194.03
1382622420,194.95,194.95,194.03,194.55
1382622480,194.55,194.55,194.55,194.55
1382622540,194.94,194.95,194.93,194.95
1382622600,194.98,194.99,194.95,194.95
1382622660,194.99,194.99,194.99,194.99
1382622720,194.95,195,194.95,195
1382622780,195,195,194.99,194.99
1382622840,195,195,194.99,194.99
1382622900,195,195,195,195
1382622960,195,195,194.99,195
1382623020,194.99,194.99,194.56,194.56
1382623080,194.56,194.56,194.56,194.56
1382623140,NaN,NaN,NaN,NaN
1382623200,194.56,194.56,194.56,194.56
1382623260,194.56,194.56,194.02,194.02
1382623320,194.02,195,193.97,194.87
1382623380,194.87,194.87,194.87,194.87
1382623440,194.87,194.87,194.87,194.87
1382623500,194.99,195,194.99,195
1382623560,194.87,194.87,194.87,194.87
1382623620,194.87,195,194.87,194.9
1382623680,194.9,195,194.9,195
1382623740,195,195,195,195
1382623800,195,195,195,195
1382623860,NaN,NaN,NaN,NaN
1382623920,194.99,194.99,194.87,194.87
1382623980,194.9,194.99,194.13,194.87
1382624040,194.87,195,194.87,195
1382624100,194.66,194.66,194.17,194.18
1382624160,194.2,194.66,194.2,194.22
1382624220,194.66,194.66,194.31,194.31
1382624280,194.3,195,194.3,195
1382624340,195,195.09,194.95,195.09
1382624400,195.1,195.44,195,195.19
1382624460,195,195.48,195,195.48
1382624520,195.51,195.61,195.5,195.61
1382624580,195.56,195.63,195.56,195.63
1382624640,195.61,195.63,195.56,195.63
1382624700,195.63,195.7,195.62,195.7
1382624760,195.73,196,195.73,196
1382624820,196.51,197,196.51,196.51
1382624880,197.03,198,197.03,198
1382624940,198,198.98,198,198.97
1382625000,198.97,199,198.89,199
1382625060,199,199.5,199,199.5
1382625120,199.39,199.39,199.21,199.21
1382625180,199.39,199.5,199.22,199.5
1382625240,199.5,199.88,199.39,199.88
1382625300,199.5,199.88,199.49,199.87
1382625360,199.8,199.8,199.39,199.39
1382625420,199.49,199.8,199,199
1382625480,199.3,199.5,198.68,198.68
1382625540,198.64,198.68,195.5,197
1382625600,197.01,197.01,197,197
1382625660,197,197.94,197,197.5
1382625720,197.5,197.53,197.5,197.53
1382625780,197.53,197.94,197.53,197.94
1382625840,197.94,198,197.94,198
1382625900,198.4,198.92,198.4,198.92
1382625960,198.92,198.92,198.92,198.92
1382626020,198.46,198.91,198.46,198.91
1382626080,198.91,198.92,198.41,198.41
1382626140,198.88,199.1,198.41,198.87
1382626200,198.87,199.99,198.5,199.99
1382626260,199.99,199.99,199.86,199.86
1382626320,198.46,199.84,198.45,199.84
1382626380,199.83,200,199.83,200
1382626440,199.84,200,199.84,199.84
1382626500,200,200.87,200,200.87
1382626560,200.64,200.64,200.64,200.64
1382626620,200.64,200.84,200.64,200.64
1382626680,200.39,200.86,199.84,200.86
1382626740,200.14,200.14,199.84,199.85
1382626800,199.85,199.85,199.83,199.83
1382626860,199.85,199.85,199.85,199.85
1382626920,199.85,200,199.85,199.9
1382626980,200,200.21,200,200
1382627040,200.21,200.5,200,200.5
1382627100,200.5,200.5,200.21,200.21
1382627160,200.2,200.21,200,200
1382627220,200,200.21,200,200.21
1382627280,200,200,199.85,199.85
1382627340,199.85,200,199.85,200
1382627400,200,200.21,200,200.21
1382627460,200.01,200.01,200.01,200.01
1382627520,200.01,200.01,200,200
1382627580,200,200,199.85,199.85
1382627640,199.85,199.85,199.85,199.85
1382627700,199.83,199.85,199.8,199.85
1382627760,199.85,199.85,199.85,199.85
1382627820,199.75,199.83,199.75,199.83
1382627880,199.83,200,199.83,200
1382627940,200,200.01,200,200.01
1382628000,200,200,199.02,199.02
1382628060,199.12,199.87,199.12,199.25
1382628120,199.86,199.87,199.26,199.26
1382628180,199.26,199.26,199.05,199.05
1382628240,199.02,199.02,198.79,199
1382628300,NaN,NaN,NaN,NaN
1382628360,198.79,199.05,198.76,198.76
1382628420,199.05,199.05,198.76,198.76
1382628480,198.76,198.76,198.76,198.76
1382628540,NaN,NaN,NaN,NaN
1382628600,199,199,199,199
1382628660,199,199,199,199
1382628720,199,199.86,199,199.86
1382628780,199,199,198.76,198.76
1382628840,198.99,199.86,198.99,199.86
1382628900,199.8,199.8,199.8,199.8
1382628960,199.49,200,199.49,200
1382629020,200,200.87,198.8,200
1382629080,199.89,199.89,198.81,198.81
1382629140,199.84,199.84,198.76,198.76
1382629200,NaN,NaN,NaN,NaN
1382629260,198.81,199.76,198.76,199.76
1382629320,198.76,198.76,198.76,198.76
1382629380,198.76,199.69,198.76,199.69
1382629440,199,199,198.55,198.55
1382629500,198.56,198.56,198.55,198.55
1382629560,198.56,198.6,198.41,198.41
1382629620,198.41,199.24,198.41,198.41
1382629680,199,199.23,199,199.23
1382629740,199.24,199.24,199.24,199.24
1382629800,198.42,198.85,198.42,198.85
1382629860,198.42,198.42,198.41,198.41
1382629920,NaN,NaN,NaN,NaN
1382629980,198.85,198.85,198.41,198.41
1382630040,198.41,198.5,198.41,198.41
1382630100,198.41,198.41,198.41,198.41
1382630160,198.34,198.34,198,198
1382630220,197.92,197.92,197.88,197.92
1382630280,198,198,198,198
1382630340,197.88,197.88,197.85,197.85
1382630400,197.83,197.83,197.19,197.19
1382630460,197.17,197.17,197.16,197.16
1382630520,197.15,197.16,197.15,197.16
1382630580,197.16,197.16,197.16,197.16
1382630640,197.16,197.16,197,197
1382630700,196.95,198.41,196.94,196.94
1382630760,196.92,196.94,195.67,195.67
1382630820,196.94,196.94,195.6,195.6
1382630880,195.61,196.94,195.5,195.6
1382630940,196.94,196.94,195.45,195.45
1382631000,195.6,195.6,194.87,194.87
1382631060,195,195,194.01,194.02
1382631120,194.01,194.02,193.28,193.28
1382631180,193.28,193.8,193.27,193.27
1382631240,193.28,193.8,193.28,193.29
1382631300,193.29,193.8,193.25,193.25
1382631360,193.25,193.8,193.01,193.02
1382631420,193.03,193.03,193.03,193.03
1382631480,193.04,193.04,193.04,193.04
1382631540,193.05,194,193.05,194
1382631600,194.22,197,194.22,195.11
1382631660,196,196.99,196,196
1382631720,196.89,196.89,193.7,195
